/*
SQLyog Ultimate v12.08 (32 bit)
MySQL - 8.0.18 : Database - vhr
*********************************************************************
*/


/*!40101 SET NAMES utf8 */;

/*!40101 SET SQL_MODE=''*/;

/*!40014 SET @OLD_UNIQUE_CHECKS=@@UNIQUE_CHECKS, UNIQUE_CHECKS=0 */;
/*!40014 SET @OLD_FOREIGN_KEY_CHECKS=@@FOREIGN_KEY_CHECKS, FOREIGN_KEY_CHECKS=0 */;
/*!40101 SET @OLD_SQL_MODE=@@SQL_MODE, SQL_MODE='NO_AUTO_VALUE_ON_ZERO' */;
/*!40111 SET @OLD_SQL_NOTES=@@SQL_NOTES, SQL_NOTES=0 */;

/*Table structure for table `adjustsalary` */

DROP TABLE IF EXISTS `adjustsalary`;

CREATE TABLE `adjustsalary` (
  `id` int(11) NOT NULL AUTO_INCREMENT,
  `eid` int(11) DEFAULT NULL,
  `asDate` date DEFAULT NULL COMMENT '调薪日期',
  `beforeSalary` int(11) DEFAULT NULL COMMENT '调前薪资',
  `afterSalary` int(11) DEFAULT NULL COMMENT '调后薪资',
  `reason` varchar(255) DEFAULT NULL COMMENT '调薪原因',
  `remark` varchar(255) DEFAULT NULL COMMENT '备注',
  PRIMARY KEY (`id`),
  KEY `pid` (`eid`)
) ENGINE=InnoDB DEFAULT CHARSET=utf8;

/*Data for the table `adjustsalary` */

/*Table structure for table `appraise` */

DROP TABLE IF EXISTS `appraise`;

CREATE TABLE `appraise` (
  `id` int(11) NOT NULL AUTO_INCREMENT,
  `eid` int(11) DEFAULT NULL,
  `appDate` date DEFAULT NULL COMMENT '考评日期',
  `appResult` varchar(32) DEFAULT NULL COMMENT '考评结果',
  `appContent` varchar(255) DEFAULT NULL COMMENT '考评内容',
  `remark` varchar(255) DEFAULT NULL COMMENT '备注',
  PRIMARY KEY (`id`),
  KEY `pid` (`eid`)
) ENGINE=InnoDB DEFAULT CHARSET=utf8;
DROP TABLE IF EXISTS `mail_send_log`;

CREATE TABLE `mail_send_log` (
  `msgId` varchar(255) COLLATE utf8mb4_general_ci DEFAULT NULL,
  `empId` int(11) DEFAULT NULL,
  `status` int(11) DEFAULT '0' COMMENT '0发送中，1发送成功，2发送失败',
  `routeKey` varchar(255) COLLATE utf8mb4_general_ci DEFAULT NULL,
  `exchange` varchar(255) COLLATE utf8mb4_general_ci DEFAULT NULL,
  `count` int(11) DEFAULT NULL COMMENT '重试次数',
  `tryTime` date DEFAULT NULL COMMENT '第一次重试时间',
  `createTime` date DEFAULT NULL,
  `updateTime` date DEFAULT NULL
) ENGINE=InnoDB DEFAULT CHARSET=utf8mb4 COLLATE=utf8mb4_general_ci;
/*Data for the table `appraise` */

/*Table structure for table `department` */

DROP TABLE IF EXISTS `department`;

CREATE TABLE `department` (
  `id` int(11) NOT NULL AUTO_INCREMENT,
  `name` varchar(32) DEFAULT NULL COMMENT '部门名称',
  `parentId` int(11) DEFAULT NULL,
  `depPath` varchar(255) DEFAULT NULL,
  `enabled` tinyint(1) DEFAULT '1',
  `isParent` tinyint(1) DEFAULT '0' COMMENT '是否为父部门：0 否(没有子部门)，1 是(有子部门)',
  `deleted` tinyint(1) DEFAULT '0' COMMENT '逻辑删除：0 未删除，1 已删除',
  PRIMARY KEY (`id`)
) ENGINE=InnoDB AUTO_INCREMENT=1 DEFAULT CHARSET=utf8;

/*Data for the table `department` */

insert into `department`(`name`,`parentId`,`depPath`,`enabled`,`isParent`) values (1,'股东会',-1,'.1',1,1),(2,'董事会',1,'.1.2',1,1),(3,'总办',2,'.1.2.3',1,1),(4,'财务部',3,'.1.2.3.4',1,0),(5,'市场部',3,'.1.2.3.5',1,1),(6,'华北市场部',5,'.1.2.3.5.6',1,1),(7,'华南市场部',5,'.1.2.3.5.7',1,0),(8,'石家庄市场部',6,'.1.2.3.5.6.8',1,0),(9,'西北市场部',5,'.1.2.3.5.9',1,1),(10,'西安市场部',9,'.1.2.3.5.9.10',1,1),(11,'莲湖区市场部',10,'.1.2.3.5.9.10.11',1,0),(12,'技术部',3,'.1.2.3.12',1,1),(13,'运维部',3,'.1.2.3.13',1,1),(14,'技术1部',12,'.1.2.3.12.14',1,0),(15,'技术2部',12,'.1.2.3.12.15',1,0),(16,'运维1部',12,'.1.2.3.13.16',1,0),(17,'运维2部',12,'.1.2.3.13.17',1,0);

/*Table structure for table `employee` */

DROP TABLE IF EXISTS `employee`;

CREATE TABLE `employee` (
  `id` int(11) NOT NULL AUTO_INCREMENT COMMENT '员工编号',
  `name` varchar(10) DEFAULT NULL COMMENT '员工姓名',
  `gender` char(4) DEFAULT NULL COMMENT '性别',
  `birthday` date DEFAULT NULL COMMENT '出生日期',
  `idCard` char(18) DEFAULT NULL COMMENT '身份证号',
  `wedlock` enum('已婚','未婚','离异') DEFAULT NULL COMMENT '婚姻状况',
  `nationId` int(8) DEFAULT NULL COMMENT '民族',
  `nativePlace` varchar(20) DEFAULT NULL COMMENT '籍贯',
  `politicsId` int(8) DEFAULT NULL COMMENT '政治面貌',
  `email` varchar(254) DEFAULT NULL COMMENT '邮箱',
  `phone` varchar(11) DEFAULT NULL COMMENT '电话号码',
  `address` varchar(64) DEFAULT NULL COMMENT '联系地址',
  `departmentId` int(11) DEFAULT NULL COMMENT '所属部门',
  `jobLevelId` int(11) DEFAULT NULL COMMENT '职称ID',
  `positionId` int(11) DEFAULT NULL COMMENT '职位ID',
  `engageForm` varchar(8) DEFAULT NULL COMMENT '聘用形式',
  `highestDegree` enum('博士','硕士','本科','大专','高中','初中','小学','其他') DEFAULT NULL COMMENT '最高学历',
  `major` varchar(32) DEFAULT NULL COMMENT '所属专业',
  `school` varchar(32) DEFAULT NULL COMMENT '毕业院校',
  `employmentDate` date DEFAULT NULL COMMENT '入职日期',
  `workStatus` enum('在职','离职') DEFAULT '在职' COMMENT '在职状态',
  `workId` char(8) DEFAULT NULL COMMENT '工号',
  `contractTerm` double DEFAULT NULL COMMENT '合同期限',
  `conversionDate` date DEFAULT NULL COMMENT '转正日期',
  `dimissionDate` date DEFAULT NULL COMMENT '离职日期',
  `beginContractDate` date DEFAULT NULL COMMENT '合同起始日期',
  `endContractDate` date DEFAULT NULL COMMENT '合同终止日期',
  `seniority` int(11) DEFAULT NULL COMMENT '工龄',
  `deleted` tinyint(1) DEFAULT '0' COMMENT '逻辑删除：0 未删除，1 已删除',
  PRIMARY KEY (`id`),
  KEY `departmentId` (`departmentId`),
  KEY `jobId` (`jobLevelId`),
  KEY `dutyId` (`posId`),
  KEY `nationId` (`nationId`),
  KEY `politicId` (`politicId`),
  KEY `workID_key` (`workID`)
) ENGINE=InnoDB AUTO_INCREMENT=1 DEFAULT CHARSET=utf8;

/*Data for the table `employee` */

INSERT INTO `employee` (`name`,`gender`,`birthday`,`idCard`,`wedlock`,`nationId`,`nativePlace`,`politicsId`,`email`,`phone`,`address`,`departmentId`,`jobLevelId`,`positionId`,`engageForm`,`highestDegree`,`major`,`school`,`employmentDate`,`workStatus`,`workId`,`contractTerm`,`conversionDate`,`dimissionDate`,`beginContractDate`,`endContractDate`,`seniority`,`deleted`) VALUES ('江南一点雨','男','1990-01-01','610122199001011257','已婚',1,'陕西',13,'laowang@qq.com','18565558897','深圳市南山区',3,1,1,'劳务合同','本科','信息管理与信息系统','深圳大学','2018-01-01','在职','00000001',2.0,'2018-04-01',NULL,'2018-01-01','2020-01-01',NULL,0), 	 ('陈静','女','1989-02-01','610122199001011258','已婚',1,'海南',1,'chenjing@qq.com','18795556693','海南省海口市美兰区',12,3,1,'劳动合同','高中','市场营销','武汉大学','2015-06-09','在职','00000002',3.0,'2015-09-10',NULL,'2015-06-09','2018-06-08',NULL,0), 	 ('赵琳浩','男','1993-03-04','610122199001011259','未婚',1,'陕西',3,'zhao@qq.com','15698887795','陕西省西安市莲湖区',12,3,4,'劳动合同','博士','电子工程','哈尔滨理工大学','2018-01-01','在职','00000003',3.5,'2018-04-01',NULL,'2018-01-01','2021-07-14',NULL,0), 	 ('鹿存亮','男','1990-01-03','610122199001011260','已婚',1,'陕西',3,'zhao@qq.com','15612347795','陕西省西安市莲湖区',13,3,5,'劳动合同','高中','电子工程','哈尔滨理工大学','2018-01-01','在职','00000004',3.5,'2018-04-01',NULL,'2018-01-01','2021-07-14',NULL,0), 	 ('姚森','男','1991-02-05','610122199001011261','已婚',1,'河南',3,'yaosen@qq.com','14785559936','河南洛阳人民大道58号',13,6,5,'劳动合同','硕士','室内装修设计','西北大学','2017-01-02','在职','00000005',7.0,'2017-04-02',NULL,'2017-01-02','2024-01-17',NULL,0), 	 ('云星','女','1993-01-05','610122199001011262','已婚',1,'陕西西安',1,'yunxing@qq.com','15644442252','陕西西安新城区',13,7,5,'劳务合同','硕士','通信工程','西安电子科技学校','2018-01-01','在职','00000006',5.25,'2018-04-01',NULL,'2018-01-01','2023-04-13',NULL,0), 	 ('贾旭明','男','1993-11-11','610122199001011263','已婚',1,'广东广州',4,'jiaxuming@qq.com','15644441234','广东省广州市天河区冼村路',5,6,4,'劳务合同','初中','通信工程','西北大学','2018-01-01','在职','00000007',5.25,'2018-04-01',NULL,'2018-01-01','2023-04-13',NULL,0), 	 ('张黎明','男','1991-02-01','610122199001011264','已婚',1,'广东',6,'zhangliming@qq.com','18979994478','广东珠海',12,6,4,'劳动合同','高中','考古','清华大学','2018-01-01','在职','00000008',7.0,'2018-04-01',NULL,'2018-01-01','2025-01-30',NULL,0), 	 ('薛磊','男','1992-07-01','610122199001011265','已婚',1,'陕西西安',13,'xuelei@qq.com','15648887741','西安市雁塔区',13,5,5,'劳动合同','初中','无','华胥中学','2018-01-01','在职','00000009',6.0,'2018-04-01',NULL,'2018-01-01','2024-01-17',NULL,0), 	 ('张洁','女','1990-10-09','610122199001011266','未婚',1,'海南',5,'zhangjie@qq.com','13695557742','海口市美兰区',13,7,5,'劳动合同','高中','无','海南侨中','2018-01-01','在职','00000010',1.0,'2018-01-31',NULL,'2018-01-01','2019-01-01',NULL,0), 	 ('江南一点雨2','男','1990-01-01','610122199001011267','已婚',1,'陕西',13,'laowang@qq.com','18565558897','深圳市南山区',12,1,1,'劳动合同','本科','信息管理与信息系统','深圳大学','2018-01-01','在职','00000011',1.0,'2018-04-01',NULL,'2018-01-01','2019-01-01',NULL,0), 	 ('陈静2','女','1989-02-01','610122199001011268','已婚',1,'海南',1,'chenjing@qq.com','18795556693','海南省海口市美兰区',7,3,2,'劳动合同','高中','市场营销','武汉大学','2015-06-09','在职','00000012',3.0,'2015-09-10',NULL,'2015-06-09','2018-06-08',NULL,0), 	 ('赵琳浩2','男','1993-03-04','610122199001011269','未婚',1,'陕西',3,'zhao@qq.com','15698887795','陕西省西安市莲湖区',12,3,4,'劳动合同','博士','电子工程','哈尔滨理工大学','2018-01-01','在职','00000013',3.5,'2018-04-01',NULL,'2018-01-01','2021-07-14',NULL,0), 	 ('鹿存亮2','男','1990-01-03','610122199001011270','已婚',1,'陕西',3,'zhao@qq.com','15612347795','陕西省西安市莲湖区',13,3,5,'劳动合同','高中','电子工程','哈尔滨理工大学','2018-01-01','在职','00000014',3.5,'2018-04-01',NULL,'2018-01-01','2021-07-14',NULL,0), 	 ('姚森2','男','1991-02-05','610122199001011271','已婚',1,'河南',3,'yaosen@qq.com','14785559936','河南洛阳人民大道58号',13,6,5,'劳动合同','初中','室内装修设计','西北大学','2017-01-02','在职','00000015',7.0,'2017-04-02',NULL,'2017-01-02','2024-01-17',NULL,0), 	 ('云星2','女','1993-01-05','610122199001011272','已婚',1,'陕西西安',1,'yunxing@qq.com','15644442252','陕西西安新城区',13,7,5,'劳务合同','硕士','通信工程','西安电子科技学校','2018-01-01','在职','00000016',5.25,'2018-04-01',NULL,'2018-01-01','2023-04-13',NULL,0), 	 ('贾旭明2','男','1993-11-11','610122199001011273','已婚',1,'广东广州',4,'jiaxuming@qq.com','15644441234','广东省广州市天河区冼村路',5,6,4,'劳务合同','初中','通信工程','西北大学','2018-01-01','在职','00000017',5.25,'2018-04-01',NULL,'2018-01-01','2023-04-13',NULL,0), 	 ('王一亭','男','1991-02-01','610122199001011274','已婚',1,'广东',6,'zhangliming@qq.com','18979994478','广东珠海',12,6,4,'劳动合同','高中','考古','清华大学','2018-01-01','在职','00000018',7.0,'2018-04-01',NULL,'2018-01-01','2025-01-30',NULL,0), 	 ('薛磊2','男','1992-07-01','610122199001011275','已婚',1,'陕西西安',13,'xuelei@qq.com','15648887741','西安市雁塔区',13,5,5,'劳动合同','初中','无','华胥中学','2018-01-01','在职','00000019',1.0,'2018-04-01',NULL,'2018-01-01','2019-01-01',NULL,0), 	 ('张洁2','女','1990-10-09','610122199001011276','未婚',1,'海南',5,'zhangjie@qq.com','13695557742','海口市美兰区',13,7,5,'劳动合同','高中','无','海南侨中','2018-01-01','在职','00000020',1.0,'2018-01-31',NULL,'2018-01-01','2019-01-01',NULL,0), 	 ('江南一点雨3','男','1990-01-01','610122199001011277','已婚',1,'陕西',13,'laowang@qq.com','18565558897','深圳市南山区',4,1,1,'劳动合同','本科','信息管理与信息系统','深圳大学','2018-01-01','在职','00000021',1.0,'2018-04-01',NULL,'2018-01-01','2019-01-01',NULL,0), 	 ('陈静3','女','1989-02-01','610122199001011278','已婚',1,'海南',1,'chenjing@qq.com','18795556693','海南省海口市美兰区',7,3,2,'劳动合同','高中','市场营销','武汉大学','2015-06-09','在职','00000022',3.0,'2015-09-10',NULL,'2015-06-09','2018-06-08',NULL,0), 	 ('鹿存亮3','男','1990-01-03','610122199001011279','已婚',1,'陕西',3,'zhao@qq.com','15612347795','陕西省西安市莲湖区',13,3,5,'劳动合同','高中','电子工程','哈尔滨理工大学','2018-01-01','在职','00000024',3.5,'2018-04-01',NULL,'2018-01-01','2021-07-14',NULL,0), 	 ('姚森3','男','1991-02-05','610122199001011280','已婚',1,'河南',3,'yaosen@qq.com','14785559936','河南洛阳人民大道58号',13,6,5,'劳动合同','初中','室内装修设计','西北大学','2017-01-02','在职','00000025',7.0,'2017-04-02',NULL,'2017-01-02','2024-01-17',NULL,0), 	 ('云星3','女','1993-01-05','610122199001011281','已婚',1,'陕西西安',1,'yunxing@qq.com','15644442252','陕西西安新城区',13,7,5,'劳务合同','硕士','通信工程','西安电子科技学校','2018-01-01','在职','00000026',5.25,'2018-04-01',NULL,'2018-01-01','2023-04-13',NULL,0), 	 ('贾旭明3','男','1993-11-11','610122199001011282','已婚',1,'广东广州',4,'jiaxuming@qq.com','15644441234','广东省广州市天河区冼村路',5,6,4,'劳务合同','初中','通信工程','西北大学','2018-01-01','在职','00000027',5.25,'2018-04-01',NULL,'2018-01-01','2023-04-13',NULL,0), 	 ('张黎明3','男','1991-02-01','610122199001011283','已婚',1,'广东',6,'zhangliming@qq.com','18979994478','广东珠海',12,6,4,'劳动合同','高中','考古','清华大学','2018-01-01','在职','00000028',7.0,'2018-04-01',NULL,'2018-01-01','2025-01-30',NULL,0), 	 ('薛磊3','男','1992-07-01','610122199001011284','已婚',1,'陕西西安',13,'xuelei@qq.com','15648887741','西安市雁塔区',13,5,5,'劳动合同','初中','无','华胥中学','2018-01-01','在职','00000029',6.0,'2018-04-01',NULL,'2018-01-01','2024-01-17',NULL,0), 	 ('江南一点雨4','男','1990-01-01','610122199001011285','已婚',1,'陕西',13,'laowang@qq.com','18565558897','深圳市南山区',4,1,1,'劳动合同','本科','信息管理与信息系统','深圳大学','2018-01-01','在职','00000031',1.0,'2018-04-01',NULL,'2018-01-01','2019-01-01',NULL,0), 	 ('陈静4','女','1989-02-01','610122199001011286','已婚',1,'海南',1,'chenjing@qq.com','18795556693','海南省海口市美兰区',7,3,2,'劳动合同','高中','市场营销','武汉大学','2015-06-09','在职','00000032',3.0,'2015-09-10',NULL,'2015-06-09','2018-06-08',NULL,0), 	 ('赵琳浩4','男','1993-03-04','610122199001011287','未婚',1,'陕西',3,'zhao@qq.com','15698887795','陕西省西安市莲湖区',12,3,4,'劳动合同','博士','电子工程','哈尔滨理工大学','2018-01-01','在职','00000033',3.5,'2018-04-01',NULL,'2018-01-01','2021-07-14',NULL,0), 	 ('鹿存亮4','男','1990-01-03','610122199001011288','已婚',1,'陕西',3,'zhao@qq.com','15612347795','陕西省西安市莲湖区',13,3,5,'劳动合同','高中','电子工程','哈尔滨理工大学','2018-01-01','在职','00000034',3.5,'2018-04-01',NULL,'2018-01-01','2021-07-14',NULL,0), 	 ('姚森4','男','1991-02-05','610122199001011289','已婚',1,'河南',3,'yaosen@qq.com','14785559936','河南洛阳人民大道58号',13,6,5,'劳动合同','初中','室内装修设计','西北大学','2017-01-02','在职','00000035',7.0,'2017-04-02',NULL,'2017-01-02','2024-01-17',NULL,0), 	 ('云星4','女','1993-01-05','610122199001011290','已婚',1,'陕西西安',1,'yunxing@qq.com','15644442252','陕西西安新城区',13,7,5,'劳务合同','硕士','通信工程','西安电子科技学校','2018-01-01','在职','00000036',5.25,'2018-04-01',NULL,'2018-01-01','2023-04-13',NULL,0), 	 ('贾旭明4','男','1993-11-11','610122199001011291','已婚',1,'广东广州',4,'jiaxuming@qq.com','15644441234','广东省广州市天河区冼村路',5,6,4,'劳务合同','初中','通信工程','西北大学','2018-01-01','在职','00000037',5.25,'2018-04-01',NULL,'2018-01-01','2023-04-13',NULL,0), 	 ('张黎明2','男','1991-02-01','610122199001011292','已婚',1,'广东',6,'zhangliming@qq.com','18979994478','广东珠海',12,6,4,'劳动合同','高中','考古','清华大学','2018-01-01','在职','00000038',7.0,'2018-04-01',NULL,'2018-01-01','2025-01-30',NULL,0), 	 ('薛磊4','男','1992-07-01','610122199001011293','已婚',1,'陕西西安',13,'xuelei@qq.com','15648887741','西安市雁塔区',13,5,5,'劳动合同','初中','无','华胥中学','2018-01-01','在职','00000039',6.0,'2018-04-01',NULL,'2018-01-01','2024-01-17',NULL,0), 	 ('张洁4','女','1990-10-09','610122199001011294','未婚',1,'海南',5,'zhangjie@qq.com','13695557742','海口市美兰区',13,7,5,'劳动合同','高中','无','海南侨中','2018-01-01','在职','00000040',1.0,'2018-01-31',NULL,'2018-01-01','2019-01-01',NULL,0), 	 ('江南一点雨5','男','1990-01-01','610122199001011295','已婚',1,'陕西',13,'laowang@qq.com','18565558897','深圳市南山区',4,1,1,'劳动合同','本科','信息管理与信息系统','深圳大学','2018-01-01','在职','00000041',1.0,'2018-04-01',NULL,'2018-01-01','2019-01-01',NULL,0), 	 ('陈静5','女','1989-02-01','610122199001011296','已婚',1,'海南',1,'chenjing@qq.com','18795556693','海南省海口市美兰区',7,3,2,'劳动合同','高中','市场营销','武汉大学','2015-06-09','在职','00000042',3.0,'2015-09-10',NULL,'2015-06-09','2018-06-08',NULL,0), 	 ('赵琳浩5','男','1993-03-04','610122199001011297','未婚',1,'陕西',3,'zhao@qq.com','15698887795','陕西省西安市莲湖区',12,3,4,'劳动合同','博士','电子工程','哈尔滨理工大学','2018-01-01','在职','00000043',3.5,'2018-04-01',NULL,'2018-01-01','2021-07-14',NULL,0), 	 ('鹿存亮5','男','1990-01-03','610122199001011298','已婚',1,'陕西',3,'zhao@qq.com','15612347795','陕西省西安市莲湖区',13,3,5,'劳动合同','高中','电子工程','哈尔滨理工大学','2018-01-01','在职','00000044',3.5,'2018-04-01',NULL,'2018-01-01','2021-07-14',NULL,0), 	 ('姚森5','男','1991-02-05','610122199001011299','已婚',1,'河南',3,'yaosen@qq.com','14785559936','河南洛阳人民大道58号',13,6,5,'劳动合同','初中','室内装修设计','西北大学','2017-01-02','在职','00000045',7.0,'2017-04-02',NULL,'2017-01-02','2024-01-17',NULL,0), 	 ('云星5','女','1993-01-05','610122199001011300','已婚',1,'陕西西安',1,'yunxing@qq.com','15644442252','陕西西安新城区',13,7,5,'劳务合同','硕士','通信工程','西安电子科技学校','2018-01-01','在职','00000046',5.25,'2018-04-01',NULL,'2018-01-01','2023-04-13',NULL,0), 	 ('贾旭明5','男','1993-11-11','610122199001011301','已婚',1,'广东广州',4,'jiaxuming@qq.com','15644441234','广东省广州市天河区冼村路',5,6,4,'劳务合同','初中','通信工程','西北大学','2018-01-01','在职','00000047',5.25,'2018-04-01',NULL,'2018-01-01','2023-04-13',NULL,0), 	 ('张黎明5','男','1991-02-01','610122199001011302','已婚',1,'广东',6,'zhangliming@qq.com','18979994478','广东珠海',12,6,4,'劳动合同','高中','考古','清华大学','2018-01-01','在职','00000048',7.0,'2018-04-01',NULL,'2018-01-01','2025-01-30',NULL,0), 	 ('薛磊5','男','1992-07-01','610122199001011303','已婚',1,'陕西西安',13,'xuelei@qq.com','15648887741','西安市雁塔区',13,5,5,'劳动合同','初中','无','华胥中学','2018-01-01','在职','00000049',6.0,'2018-04-01',NULL,'2018-01-01','2024-01-17',NULL,0), 	 ('张洁5','女','1990-10-09','610122199001011304','未婚',1,'海南',5,'zhangjie@qq.com','13695557742','海口市美兰区',13,7,5,'劳动合同','高中','无','海南侨中','2018-01-01','在职','00000050',1.0,'2018-01-31',NULL,'2018-01-01','2019-01-01',NULL,0), 	 ('江南一点雨6','男','1990-01-01','610122199001011305','已婚',1,'陕西',13,'laowang@qq.com','18565558897','深圳市南山区',4,1,1,'劳动合同','本科','信息管理与信息系统','深圳大学','2018-01-01','在职','00000051',1.0,'2018-04-01',NULL,'2018-01-01','2019-01-01',NULL,0), 	 ('陈静6','女','1989-02-01','610122199001011306','已婚',1,'海南',1,'chenjing@qq.com','18795556693','海南省海口市美兰区',7,3,2,'劳动合同','高中','市场营销','武汉大学','2015-06-09','在职','00000052',3.0,'2015-09-10',NULL,'2015-06-09','2018-06-08',NULL,0), 	 ('赵琳浩6','男','1993-03-04','610122199001011307','未婚',1,'陕西',3,'zhao@qq.com','15698887795','陕西省西安市莲湖区',12,3,4,'劳动合同','博士','电子工程','哈尔滨理工大学','2018-01-01','在职','00000053',3.5,'2018-04-01',NULL,'2018-01-01','2021-07-14',NULL,0), 	 ('鹿存亮6','男','1990-01-03','610122199001011308','已婚',1,'陕西',3,'zhao@qq.com','15612347795','陕西省西安市莲湖区',13,3,5,'劳动合同','高中','电子工程','哈尔滨理工大学','2018-01-01','在职','00000054',3.5,'2018-04-01',NULL,'2018-01-01','2021-07-14',NULL,0), 	 ('姚森6','男','1991-02-05','610122199001011309','已婚',1,'河南',3,'yaosen@qq.com','14785559936','河南洛阳人民大道58号',13,6,5,'劳动合同','初中','室内装修设计','西北大学','2017-01-02','在职','00000055',7.0,'2017-04-02',NULL,'2017-01-02','2024-01-17',NULL,0), 	 ('云星6','女','1993-01-05','610122199001011310','已婚',1,'陕西西安',1,'yunxing@qq.com','15644442252','陕西西安新城区',13,7,5,'劳务合同','硕士','通信工程','西安电子科技学校','2018-01-01','在职','00000056',5.25,'2018-04-01',NULL,'2018-01-01','2023-04-13',NULL,0), 	 ('江南一点雨','男','1990-01-01','610122199001011311','已婚',1,'陕西',13,'laowang@qq.com','18565558897','深圳市南山区',4,1,1,'劳动合同','本科','信息管理与信息系统','深圳大学','2018-01-01','在职','00000001',1.0,NULL,NULL,'2018-01-01','2019-01-01',NULL,0), 	 ('陈静','女','1989-02-01','610122199001011312','已婚',1,'海南',1,'chenjing@qq.com','18795556693','海南省海口市美兰区',7,3,2,'劳动合同','高中','市场营销','武汉大学','2015-06-09','在职','00000002',3.0,NULL,NULL,'2015-06-09','2018-06-08',NULL,0), 	 ('赵琳浩','男','1993-03-04','610122199001011313','未婚',1,'陕西',3,'zhao@qq.com','15698887795','陕西省西安市莲湖区',12,3,4,'劳动合同','博士','电子工程','哈尔滨理工大学','2018-01-01','在职','00000003',3.5,NULL,NULL,'2018-01-01','2021-07-14',NULL,0), 	 ('鹿存亮','男','1990-01-03','610122199001011314','已婚',1,'陕西',3,'zhao@qq.com','15612347795','陕西省西安市莲湖区',13,3,5,'劳动合同','高中','电子工程','哈尔滨理工大学','2018-01-01','在职','00000004',3.5,NULL,NULL,'2018-01-01','2021-07-14',NULL,0), 	 ('姚森','男','1991-02-05','610122199001011315','已婚',1,'河南',3,'yaosen@qq.com','14785559936','河南洛阳人民大道58号',13,6,5,'劳动合同','初中','室内装修设计','西北大学','2017-01-02','在职','00000005',7.0,NULL,NULL,'2017-01-02','2024-01-17',NULL,0), 	 ('贾旭明','男','1993-11-11','610122199001011316','已婚',1,'广东广州',4,'jiaxuming@qq.com','15644441234','广东省广州市天河区冼村路',5,6,4,'劳务合同','初中','通信工程','西北大学','2018-01-01','在职','00000007',5.25,NULL,NULL,'2018-01-01','2023-04-13',NULL,0), 	 ('张黎明','男','1991-02-01','610122199001011317','已婚',1,'广东',6,'zhangliming@qq.com','18979994478','广东珠海',12,6,4,'劳动合同','高中','考古','清华大学','2018-01-01','在职','00000008',7.0,NULL,NULL,'2018-01-01','2025-01-30',NULL,0), 	 ('薛磊','男','1992-07-01','610122199001011318','已婚',1,'陕西西安',13,'xuelei@qq.com','15648887741','西安市雁塔区',13,5,5,'劳动合同','初中','无','华胥中学','2018-01-01','在职','00000009',6.0,NULL,NULL,'2018-01-01','2024-01-17',NULL,0), 	 ('张洁','女','1990-10-09','610122199001011319','未婚',1,'海南',5,'zhangjie@qq.com','13695557742','海口市美兰区',13,7,5,'劳动合同','高中','无','海南侨中','2018-01-01','在职','00000010',1.0,NULL,NULL,'2018-01-01','2019-01-01',NULL,0), 	 ('江南一点雨2','男','1990-01-01','610122199001011320','已婚',1,'陕西',13,'laowang@qq.com','18565558897','深圳市南山区',4,1,1,'劳动合同','本科','信息管理与信息系统','深圳大学','2018-01-01','在职','00000011',1.0,NULL,NULL,'2018-01-01','2019-01-01',NULL,0), 	 ('陈静2','女','1989-02-01','610122199001011321','已婚',1,'海南',1,'chenjing@qq.com','18795556693','海南省海口市美兰区',7,3,2,'劳动合同','高中','市场营销','武汉大学','2015-06-09','在职','00000012',3.0,NULL,NULL,'2015-06-09','2018-06-08',NULL,0), 	 ('赵琳浩2','男','1993-03-04','610122199001011322','未婚',1,'陕西',3,'zhao@qq.com','15698887795','陕西省西安市莲湖区',12,3,4,'劳动合同','博士','电子工程','哈尔滨理工大学','2018-01-01','在职','00000013',3.5,NULL,NULL,'2018-01-01','2021-07-14',NULL,0), 	 ('鹿存亮2','男','1990-01-03','610122199001011323','已婚',1,'陕西',3,'zhao@qq.com','15612347795','陕西省西安市莲湖区',13,3,5,'劳动合同','高中','电子工程','哈尔滨理工大学','2018-01-01','在职','00000014',3.5,NULL,NULL,'2018-01-01','2021-07-14',NULL,0), 	 ('姚森2','男','1991-02-05','610122199001011324','已婚',1,'河南',3,'yaosen@qq.com','14785559936','河南洛阳人民大道58号',13,6,5,'劳动合同','初中','室内装修设计','西北大学','2017-01-02','在职','00000015',7.0,NULL,NULL,'2017-01-02','2024-01-17',NULL,0), 	 ('云星2','女','1993-01-05','610122199001011325','已婚',1,'陕西西安',1,'yunxing@qq.com','15644442252','陕西西安新城区',13,7,5,'劳务合同','硕士','通信工程','西安电子科技学校','2018-01-01','在职','00000016',5.25,NULL,NULL,'2018-01-01','2023-04-13',NULL,0), 	 ('贾旭明2','男','1993-11-11','610122199001011326','已婚',1,'广东广州',4,'jiaxuming@qq.com','15644441234','广东省广州市天河区冼村路',5,6,4,'劳务合同','初中','通信工程','西北大学','2018-01-01','在职','00000017',5.25,NULL,NULL,'2018-01-01','2023-04-13',NULL,0), 	 ('王一亭','男','1991-02-01','610122199001011327','已婚',1,'广东',6,'zhangliming@qq.com','18979994478','广东珠海',12,6,4,'劳动合同','高中','考古','清华大学','2018-01-01','在职','00000018',7.0,NULL,NULL,'2018-01-01','2025-01-30',NULL,0), 	 ('薛磊2','男','1992-07-01','610122199001011328','已婚',1,'陕西西安',13,'xuelei@qq.com','15648887741','西安市雁塔区',13,5,5,'劳动合同','初中','无','华胥中学','2018-01-01','在职','00000019',1.0,NULL,NULL,'2018-01-01','2019-01-01',NULL,0), 	 ('张洁2','女','1990-10-09','610122199001011329','未婚',1,'海南',5,'zhangjie@qq.com','13695557742','海口市美兰区',13,7,5,'劳动合同','高中','无','海南侨中','2018-01-01','在职','00000020',1.0,NULL,NULL,'2018-01-01','2019-01-01',NULL,0), 	 ('江南一点雨3','男','1990-01-01','610122199001011330','已婚',1,'陕西',13,'laowang@qq.com','18565558897','深圳市南山区',4,1,1,'劳动合同','本科','信息管理与信息系统','深圳大学','2018-01-01','在职','00000021',1.0,NULL,NULL,'2018-01-01','2019-01-01',NULL,0), 	 ('陈静3','女','1989-02-01','610122199001011331','已婚',1,'海南',1,'chenjing@qq.com','18795556693','海南省海口市美兰区',7,3,2,'劳动合同','高中','市场营销','武汉大学','2015-06-09','在职','00000022',3.0,NULL,NULL,'2015-06-09','2018-06-08',NULL,0), 	 ('鹿存亮3','男','1990-01-03','610122199001011332','已婚',1,'陕西',3,'zhao@qq.com','15612347795','陕西省西安市莲湖区',13,3,5,'劳动合同','高中','电子工程','哈尔滨理工大学','2018-01-01','在职','00000024',3.5,NULL,NULL,'2018-01-01','2021-07-14',NULL,0), 	 ('姚森3','男','1991-02-05','610122199001011333','已婚',1,'河南',3,'yaosen@qq.com','14785559936','河南洛阳人民大道58号',13,6,5,'劳动合同','初中','室内装修设计','西北大学','2017-01-02','在职','00000025',7.0,NULL,NULL,'2017-01-02','2024-01-17',NULL,0), 	 ('云星3','女','1993-01-05','610122199001011334','已婚',1,'陕西西安',1,'yunxing@qq.com','15644442252','陕西西安新城区',13,7,5,'劳务合同','硕士','通信工程','西安电子科技学校','2018-01-01','在职','00000026',5.25,NULL,NULL,'2018-01-01','2023-04-13',NULL,0), 	 ('贾旭明3','男','1993-11-11','610122199001011335','已婚',1,'广东广州',4,'jiaxuming@qq.com','15644441234','广东省广州市天河区冼村路',5,6,4,'劳务合同','初中','通信工程','西北大学','2018-01-01','在职','00000027',5.25,NULL,NULL,'2018-01-01','2023-04-13',NULL,0), 	 ('张黎明3','男','1991-02-01','610122199001011336','已婚',1,'广东',6,'zhangliming@qq.com','18979994478','广东珠海',12,6,4,'劳动合同','高中','考古','清华大学','2018-01-01','在职','00000028',7.0,NULL,NULL,'2018-01-01','2025-01-30',NULL,0), 	 ('薛磊3','男','1992-07-01','610122199001011337','已婚',1,'陕西西安',13,'xuelei@qq.com','15648887741','西安市雁塔区',13,5,5,'劳动合同','初中','无','华胥中学','2018-01-01','在职','00000029',6.0,NULL,NULL,'2018-01-01','2024-01-17',NULL,0), 	 ('江南一点雨4','男','1990-01-01','610122199001011338','已婚',1,'陕西',13,'laowang@qq.com','18565558897','深圳市南山区',4,1,1,'劳动合同','本科','信息管理与信息系统','深圳大学','2018-01-01','在职','00000031',1.0,NULL,NULL,'2018-01-01','2019-01-01',NULL,0), 	 ('陈静4','女','1989-02-01','610122199001011339','已婚',1,'海南',1,'chenjing@qq.com','18795556693','海南省海口市美兰区',7,3,2,'劳动合同','高中','市场营销','武汉大学','2015-06-09','在职','00000032',3.0,NULL,NULL,'2015-06-09','2018-06-08',NULL,0), 	 ('赵琳浩4','男','1993-03-04','610122199001011340','未婚',1,'陕西',3,'zhao@qq.com','15698887795','陕西省西安市莲湖区',12,3,4,'劳动合同','博士','电子工程','哈尔滨理工大学','2018-01-01','在职','00000033',3.5,NULL,NULL,'2018-01-01','2021-07-14',NULL,0), 	 ('鹿存亮4','男','1990-01-03','610122199001011341','已婚',1,'陕西',3,'zhao@qq.com','15612347795','陕西省西安市莲湖区',13,3,5,'劳动合同','高中','电子工程','哈尔滨理工大学','2018-01-01','在职','00000034',3.5,NULL,NULL,'2018-01-01','2021-07-14',NULL,0), 	 ('姚森4','男','1991-02-05','610122199001011342','已婚',1,'河南',3,'yaosen@qq.com','14785559936','河南洛阳人民大道58号',13,6,5,'劳动合同','初中','室内装修设计','西北大学','2017-01-02','在职','00000035',7.0,NULL,NULL,'2017-01-02','2024-01-17',NULL,0), 	 ('云星4','女','1993-01-05','610122199001011343','已婚',1,'陕西西安',1,'yunxing@qq.com','15644442252','陕西西安新城区',13,7,5,'劳务合同','硕士','通信工程','西安电子科技学校','2018-01-01','在职','00000036',5.25,NULL,NULL,'2018-01-01','2023-04-13',NULL,0), 	 ('贾旭明4','男','1993-11-11','610122199001011344','已婚',1,'广东广州',4,'jiaxuming@qq.com','15644441234','广东省广州市天河区冼村路',5,6,4,'劳务合同','初中','通信工程','西北大学','2018-01-01','在职','00000037',5.25,NULL,NULL,'2018-01-01','2023-04-13',NULL,0), 	 ('谢工','女','1970-01-01','610122199001011345','离异',1,'江苏',1,'584991843@qq.com','18558887788','北京',12,3,1,'劳动合同','本科','计算机软件','南华大学','2018-01-01','在职','00000038',5.0,'2019-01-01',NULL,'2018-01-01','2023-01-01',NULL,0), 	 ('林昭亮','男','1990-01-01','610122199001011346','已婚',1,'广东',13,'584991843@qq.com','16767776654','广东深圳',12,6,4,'劳动合同','大专','计算机软件','广东职业技术学院','2018-01-01','在职','00000039',5.0,'2018-04-01',NULL,'2018-01-01','2023-01-01',NULL,0), 	 ('11','男','2018-01-01','610122199001011347','已婚',1,'1',1,'584991843@qq.com','111','1',11,1,1,'劳动合同','本科','1','1','2018-01-01','在职','00000040',4.0,'2018-04-01',NULL,'2018-01-01','2022-01-26',NULL,0), 	 ('1','男','2018-01-01','610122199001011348','已婚',1,'1',1,'584991843@qq.com','1','1',11,1,1,'劳动合同','大专','1','1','2018-01-31','在职','00000041',1.0,'2018-01-31',NULL,'2018-01-31','2019-01-31',NULL,0), 	 ('1','男','2018-01-01','610122199001011349','已婚',1,'1',1,'584991843@qq.com','1','1',5,1,1,'劳动合同','大专','1','1','2018-01-31','在职','00000042',1.0,'2018-01-31',NULL,'2018-01-31','2019-01-31',NULL,0), 	 ('1','男','2018-01-01','610122199001011350','已婚',1,'1',1,'584991843@qq.com','1','1',6,1,1,'劳动合同','大专','1','1','2018-01-31','在职','00000043',0.0,'2018-01-31',NULL,'2018-01-31','2018-01-31',NULL,0), 	 ('1','男','2018-01-01','610122199001011351','已婚',1,'1',1,'584991843@qq.com','1','1',10,1,1,'劳动合同','大专','1','1','2018-01-01','在职','00000044',0.0,'2018-01-01',NULL,'2018-01-01','2018-01-31',NULL,0), 	 ('1','男','2018-01-01','610122199001011352','已婚',1,'1',1,'584991843@qq.com','1','1',5,1,1,'劳动合同','大专','1','1','2018-01-01','在职','00000045',0.0,'2018-01-01',NULL,'2018-01-01','2018-01-31',NULL,0), 	 ('林伯渠','男','2018-01-01','610122199001011353','未婚',1,'1',1,'584991843@qq.com','1','1',4,1,1,'劳动合同','大专','1','1','2018-01-31','在职','00000046',0.0,'2018-01-31',NULL,'2018-01-31','2018-01-31',NULL,0), 	 ('1','男','2018-01-01','610122199001011354','已婚',1,'1',1,'584991843@qq.com','1','1',4,1,1,'劳动合同','大专','1','1','2018-01-31','在职','00000047',0.0,'2018-01-31',NULL,'2018-01-31','2018-01-31',NULL,0), 	 ('江南一点雨','男','1990-01-01','610122199001011355','已婚',1,'陕西',13,'laowang@qq.com','18565558897','深圳市南山区',3,1,1,'劳务合同','本科','信息管理与信息系统','深圳大学','2018-01-01','在职','00000001',2.0,NULL,NULL,'2018-01-01','2020-01-01',NULL,0), 	 ('陈静','女','1989-02-01','610122199001011356','已婚',1,'海南',1,'chenjing@qq.com','18795556693','海南省海口市美兰区',4,3,2,'劳动合同','高中','市场营销','武汉大学','2015-06-09','在职','00000002',3.0,NULL,NULL,'2015-06-09','2018-06-08',NULL,0), 	 ('赵琳浩','男','1993-03-04','610122199001011357','未婚',1,'陕西',3,'zhao@qq.com','15698887795','陕西省西安市莲湖区',12,3,4,'劳动合同','博士','电子工程','哈尔滨理工大学','2018-01-01','在职','00000003',3.5,NULL,NULL,'2018-01-01','2021-07-14',NULL,0), 	 ('鹿存亮','男','1990-01-03','610122199001011358','已婚',1,'陕西',3,'zhao@qq.com','15612347795','陕西省西安市莲湖区',13,3,5,'劳动合同','高中','电子工程','哈尔滨理工大学','2018-01-01','在职','00000004',3.5,NULL,NULL,'2018-01-01','2021-07-14',NULL,0), 	 ('姚森','男','1991-02-05','610122199001011359','已婚',1,'河南',3,'yaosen@qq.com','14785559936','河南洛阳人民大道58号',13,6,5,'劳动合同','硕士','室内装修设计','西北大学','2017-01-02','在职','00000005',7.0,NULL,NULL,'2017-01-02','2024-01-17',NULL,0), 	 ('云星','女','1993-01-05','610122199001011360','已婚',1,'陕西西安',1,'yunxing@qq.com','15644442252','陕西西安新城区',13,7,5,'劳务合同','硕士','通信工程','西安电子科技学校','2018-01-01','在职','00000006',5.25,NULL,NULL,'2018-01-01','2023-04-13',NULL,0), 	 ('贾旭明','男','1993-11-11','610122199001011361','已婚',1,'广东广州',4,'jiaxuming@qq.com','15644441234','广东省广州市天河区冼村路',5,6,4,'劳务合同','初中','通信工程','西北大学','2018-01-01','在职','00000007',5.25,NULL,NULL,'2018-01-01','2023-04-13',NULL,0), 	 ('张黎明','男','1991-02-01','610122199001011362','已婚',1,'广东',6,'zhangliming@qq.com','18979994478','广东珠海',12,6,4,'劳动合同','高中','考古','清华大学','2018-01-01','在职','00000008',7.0,NULL,NULL,'2018-01-01','2025-01-30',NULL,0), 	 ('薛磊','男','1992-07-01','610122199001011363','已婚',1,'陕西西安',13,'xuelei@qq.com','15648887741','西安市雁塔区',13,5,5,'劳动合同','初中','无','华胥中学','2018-01-01','在职','00000009',6.0,NULL,NULL,'2018-01-01','2024-01-17',NULL,0), 	 ('张洁','女','1990-10-09','610122199001011364','未婚',1,'海南',5,'zhangjie@qq.com','13695557742','海口市美兰区',13,7,5,'劳动合同','高中','无','海南侨中','2018-01-01','在职','00000010',1.0,NULL,NULL,'2018-01-01','2019-01-01',NULL,0), 	 ('江南一点雨2','男','1990-01-01','610122199001011365','已婚',1,'陕西',13,'laowang@qq.com','18565558897','深圳市南山区',12,1,1,'劳动合同','本科','信息管理与信息系统','深圳大学','2018-01-01','在职','00000011',1.0,NULL,NULL,'2018-01-01','2019-01-01',NULL,0), 	 ('陈静2','女','1989-02-01','610122199001011366','已婚',1,'海南',1,'chenjing@qq.com','18795556693','海南省海口市美兰区',7,3,2,'劳动合同','高中','市场营销','武汉大学','2015-06-09','在职','00000012',3.0,NULL,NULL,'2015-06-09','2018-06-08',NULL,0), 	 ('赵琳浩2','男','1993-03-04','610122199001011367','未婚',1,'陕西',3,'zhao@qq.com','15698887795','陕西省西安市莲湖区',12,3,4,'劳动合同','博士','电子工程','哈尔滨理工大学','2018-01-01','在职','00000013',3.5,NULL,NULL,'2018-01-01','2021-07-14',NULL,0), 	 ('鹿存亮2','男','1990-01-03','610122199001011368','已婚',1,'陕西',3,'zhao@qq.com','15612347795','陕西省西安市莲湖区',13,3,5,'劳动合同','高中','电子工程','哈尔滨理工大学','2018-01-01','在职','00000014',3.5,NULL,NULL,'2018-01-01','2021-07-14',NULL,0), 	 ('姚森2','男','1991-02-05','610122199001011369','已婚',1,'河南',3,'yaosen@qq.com','14785559936','河南洛阳人民大道58号',13,6,5,'劳动合同','初中','室内装修设计','西北大学','2017-01-02','在职','00000015',7.0,NULL,NULL,'2017-01-02','2024-01-17',NULL,0), 	 ('云星2','女','1993-01-05','610122199001011370','已婚',1,'陕西西安',1,'yunxing@qq.com','15644442252','陕西西安新城区',13,7,5,'劳务合同','硕士','通信工程','西安电子科技学校','2018-01-01','在职','00000016',5.25,NULL,NULL,'2018-01-01','2023-04-13',NULL,0), 	 ('贾旭明2','男','1993-11-11','610122199001011371','已婚',1,'广东广州',4,'jiaxuming@qq.com','15644441234','广东省广州市天河区冼村路',5,6,4,'劳务合同','初中','通信工程','西北大学','2018-01-01','在职','00000017',5.25,NULL,NULL,'2018-01-01','2023-04-13',NULL,0), 	 ('王一亭','男','1991-02-01','610122199001011372','已婚',1,'广东',6,'zhangliming@qq.com','18979994478','广东珠海',12,6,4,'劳动合同','高中','考古','清华大学','2018-01-01','在职','00000018',7.0,NULL,NULL,'2018-01-01','2025-01-30',NULL,0), 	 ('薛磊2','男','1992-07-01','610122199001011373','已婚',1,'陕西西安',13,'xuelei@qq.com','15648887741','西安市雁塔区',13,5,5,'劳动合同','初中','无','华胥中学','2018-01-01','在职','00000019',1.0,NULL,NULL,'2018-01-01','2019-01-01',NULL,0), 	 ('张洁2','女','1990-10-09','610122199001011374','未婚',1,'海南',5,'zhangjie@qq.com','13695557742','海口市美兰区',13,7,5,'劳动合同','高中','无','海南侨中','2018-01-01','在职','00000020',1.0,NULL,NULL,'2018-01-01','2019-01-01',NULL,0), 	 ('江南一点雨3','男','1990-01-01','610122199001011375','已婚',1,'陕西',13,'laowang@qq.com','18565558897','深圳市南山区',4,1,1,'劳动合同','本科','信息管理与信息系统','深圳大学','2018-01-01','在职','00000021',1.0,NULL,NULL,'2018-01-01','2019-01-01',NULL,0), 	 ('陈静3','女','1989-02-01','610122199001011376','已婚',1,'海南',1,'chenjing@qq.com','18795556693','海南省海口市美兰区',7,3,2,'劳动合同','高中','市场营销','武汉大学','2015-06-09','在职','00000022',3.0,NULL,NULL,'2015-06-09','2018-06-08',NULL,0), 	 ('鹿存亮3','男','1990-01-03','610122199001011377','已婚',1,'陕西',3,'zhao@qq.com','15612347795','陕西省西安市莲湖区',13,3,5,'劳动合同','高中','电子工程','哈尔滨理工大学','2018-01-01','在职','00000024',3.5,NULL,NULL,'2018-01-01','2021-07-14',NULL,0), 	 ('姚森3','男','1991-02-05','610122199001011378','已婚',1,'河南',3,'yaosen@qq.com','14785559936','河南洛阳人民大道58号',13,6,5,'劳动合同','初中','室内装修设计','西北大学','2017-01-02','在职','00000025',7.0,NULL,NULL,'2017-01-02','2024-01-17',NULL,0), 	 ('云星3','女','1993-01-05','610122199001011379','已婚',1,'陕西西安',1,'yunxing@qq.com','15644442252','陕西西安新城区',13,7,5,'劳务合同','硕士','通信工程','西安电子科技学校','2018-01-01','在职','00000026',5.25,NULL,NULL,'2018-01-01','2023-04-13',NULL,0), 	 ('贾旭明3','男','1993-11-11','610122199001011380','已婚',1,'广东广州',4,'jiaxuming@qq.com','15644441234','广东省广州市天河区冼村路',5,6,4,'劳务合同','初中','通信工程','西北大学','2018-01-01','在职','00000027',5.25,NULL,NULL,'2018-01-01','2023-04-13',NULL,0), 	 ('张黎明3','男','1991-02-01','610122199001011381','已婚',1,'广东',6,'zhangliming@qq.com','18979994478','广东珠海',12,6,4,'劳动合同','高中','考古','清华大学','2018-01-01','在职','00000028',7.0,NULL,NULL,'2018-01-01','2025-01-30',NULL,0), 	 ('薛磊3','男','1992-07-01','610122199001011382','已婚',1,'陕西西安',13,'xuelei@qq.com','15648887741','西安市雁塔区',13,5,5,'劳动合同','初中','无','华胥中学','2018-01-01','在职','00000029',6.0,NULL,NULL,'2018-01-01','2024-01-17',NULL,0), 	 ('江南一点雨4','男','1990-01-01','610122199001011383','已婚',1,'陕西',13,'laowang@qq.com','18565558897','深圳市南山区',4,1,1,'劳动合同','本科','信息管理与信息系统','深圳大学','2018-01-01','在职','00000031',1.0,NULL,NULL,'2018-01-01','2019-01-01',NULL,0), 	 ('陈静4','女','1989-02-01','610122199001011384','已婚',1,'海南',1,'chenjing@qq.com','18795556693','海南省海口市美兰区',7,3,2,'劳动合同','高中','市场营销','武汉大学','2015-06-09','在职','00000032',3.0,NULL,NULL,'2015-06-09','2018-06-08',NULL,0), 	 ('赵琳浩4','男','1993-03-04','610122199001011385','未婚',1,'陕西',3,'zhao@qq.com','15698887795','陕西省西安市莲湖区',12,3,4,'劳动合同','博士','电子工程','哈尔滨理工大学','2018-01-01','在职','00000033',3.5,NULL,NULL,'2018-01-01','2021-07-14',NULL,0), 	 ('鹿存亮4','男','1990-01-03','610122199001011386','已婚',1,'陕西',3,'zhao@qq.com','15612347795','陕西省西安市莲湖区',13,3,5,'劳动合同','高中','电子工程','哈尔滨理工大学','2018-01-01','在职','00000034',3.5,NULL,NULL,'2018-01-01','2021-07-14',NULL,0), 	 ('姚森4','男','1991-02-05','610122199001011387','已婚',1,'河南',3,'yaosen@qq.com','14785559936','河南洛阳人民大道58号',13,6,5,'劳动合同','初中','室内装修设计','西北大学','2017-01-02','在职','00000035',7.0,NULL,NULL,'2017-01-02','2024-01-17',NULL,0), 	 ('云星4','女','1993-01-05','610122199001011388','已婚',1,'陕西西安',1,'yunxing@qq.com','15644442252','陕西西安新城区',13,7,5,'劳务合同','硕士','通信工程','西安电子科技学校','2018-01-01','在职','00000036',5.25,NULL,NULL,'2018-01-01','2023-04-13',NULL,0), 	 ('贾旭明4','男','1993-11-11','610122199001011389','已婚',1,'广东广州',4,'jiaxuming@qq.com','15644441234','广东省广州市天河区冼村路',5,6,4,'劳务合同','初中','通信工程','西北大学','2018-01-01','在职','00000037',5.25,NULL,NULL,'2018-01-01','2023-04-13',NULL,0), 	 ('张黎明2','男','1991-02-01','610122199001011390','已婚',1,'广东',6,'zhangliming@qq.com','18979994478','广东珠海',12,6,4,'劳动合同','高中','考古','清华大学','2018-01-01','在职','00000038',7.0,NULL,NULL,'2018-01-01','2025-01-30',NULL,0), 	 ('薛磊4','男','1992-07-01','610122199001011391','已婚',1,'陕西西安',13,'xuelei@qq.com','15648887741','西安市雁塔区',13,5,5,'劳动合同','初中','无','华胥中学','2018-01-01','在职','00000039',6.0,NULL,NULL,'2018-01-01','2024-01-17',NULL,0), 	 ('张洁4','女','1990-10-09','610122199001011392','未婚',1,'海南',5,'zhangjie@qq.com','13695557742','海口市美兰区',13,7,5,'劳动合同','高中','无','海南侨中','2018-01-01','在职','00000040',1.0,NULL,NULL,'2018-01-01','2019-01-01',NULL,0), 	 ('江南一点雨5','男','1990-01-01','610122199001011393','已婚',1,'陕西',13,'laowang@qq.com','18565558897','深圳市南山区',4,1,1,'劳动合同','本科','信息管理与信息系统','深圳大学','2018-01-01','在职','00000041',1.0,NULL,NULL,'2018-01-01','2019-01-01',NULL,0), 	 ('陈静5','女','1989-02-01','610122199001011394','已婚',1,'海南',1,'chenjing@qq.com','18795556693','海南省海口市美兰区',7,3,2,'劳动合同','高中','市场营销','武汉大学','2015-06-09','在职','00000042',3.0,NULL,NULL,'2015-06-09','2018-06-08',NULL,0), 	 ('赵琳浩5','男','1993-03-04','610122199001011395','未婚',1,'陕西',3,'zhao@qq.com','15698887795','陕西省西安市莲湖区',12,3,4,'劳动合同','博士','电子工程','哈尔滨理工大学','2018-01-01','在职','00000043',3.5,NULL,NULL,'2018-01-01','2021-07-14',NULL,0), 	 ('鹿存亮5','男','1990-01-03','610122199001011396','已婚',1,'陕西',3,'zhao@qq.com','15612347795','陕西省西安市莲湖区',13,3,5,'劳动合同','高中','电子工程','哈尔滨理工大学','2018-01-01','在职','00000044',3.5,NULL,NULL,'2018-01-01','2021-07-14',NULL,0), 	 ('姚森5','男','1991-02-05','610122199001011397','已婚',1,'河南',3,'yaosen@qq.com','14785559936','河南洛阳人民大道58号',13,6,5,'劳动合同','初中','室内装修设计','西北大学','2017-01-02','在职','00000045',7.0,NULL,NULL,'2017-01-02','2024-01-17',NULL,0), 	 ('云星5','女','1993-01-05','610122199001011398','已婚',1,'陕西西安',1,'yunxing@qq.com','15644442252','陕西西安新城区',13,7,5,'劳务合同','硕士','通信工程','西安电子科技学校','2018-01-01','在职','00000046',5.25,NULL,NULL,'2018-01-01','2023-04-13',NULL,0), 	 ('贾旭明5','男','1993-11-11','610122199001011399','已婚',1,'广东广州',4,'jiaxuming@qq.com','15644441234','广东省广州市天河区冼村路',5,6,4,'劳务合同','初中','通信工程','西北大学','2018-01-01','在职','00000047',5.25,NULL,NULL,'2018-01-01','2023-04-13',NULL,0), 	 ('张黎明5','男','1991-02-01','610122199001011400','已婚',1,'广东',6,'zhangliming@qq.com','18979994478','广东珠海',12,6,4,'劳动合同','高中','考古','清华大学','2018-01-01','在职','00000048',7.0,NULL,NULL,'2018-01-01','2025-01-30',NULL,0), 	 ('薛磊5','男','1992-07-01','610122199001011401','已婚',1,'陕西西安',13,'xuelei@qq.com','15648887741','西安市雁塔区',13,5,5,'劳动合同','初中','无','华胥中学','2018-01-01','在职','00000049',6.0,NULL,NULL,'2018-01-01','2024-01-17',NULL,0), 	 ('张洁5','女','1990-10-09','610122199001011402','未婚',1,'海南',5,'zhangjie@qq.com','13695557742','海口市美兰区',13,7,5,'劳动合同','高中','无','海南侨中','2018-01-01','在职','00000050',1.0,NULL,NULL,'2018-01-01','2019-01-01',NULL,0), 	 ('江南一点雨6','男','1990-01-01','610122199001011403','已婚',1,'陕西',13,'laowang@qq.com','18565558897','深圳市南山区',4,1,1,'劳动合同','本科','信息管理与信息系统','深圳大学','2018-01-01','在职','00000051',1.0,NULL,NULL,'2018-01-01','2019-01-01',NULL,0), 	 ('陈静6','女','1989-02-01','610122199001011404','已婚',1,'海南',1,'chenjing@qq.com','18795556693','海南省海口市美兰区',7,3,2,'劳动合同','高中','市场营销','武汉大学','2015-06-09','在职','00000052',3.0,NULL,NULL,'2015-06-09','2018-06-08',NULL,0), 	 ('赵琳浩6','男','1993-03-04','610122199001011405','未婚',1,'陕西',3,'zhao@qq.com','15698887795','陕西省西安市莲湖区',12,3,4,'劳动合同','博士','电子工程','哈尔滨理工大学','2018-01-01','在职','00000053',3.5,NULL,NULL,'2018-01-01','2021-07-14',NULL,0), 	 ('鹿存亮6','男','1990-01-03','610122199001011406','已婚',1,'陕西',3,'zhao@qq.com','15612347795','陕西省西安市莲湖区',13,3,5,'劳动合同','高中','电子工程','哈尔滨理工大学','2018-01-01','在职','00000054',3.5,NULL,NULL,'2018-01-01','2021-07-14',NULL,0), 	 ('姚森6','男','1991-02-05','610122199001011407','已婚',1,'河南',3,'yaosen@qq.com','14785559936','河南洛阳人民大道58号',13,6,5,'劳动合同','初中','室内装修设计','西北大学','2017-01-02','在职','00000055',7.0,NULL,NULL,'2017-01-02','2024-01-17',NULL,0), 	 ('云星6','女','1993-01-05','610122199001011408','已婚',1,'陕西西安',1,'yunxing@qq.com','15644442252','陕西西安新城区',13,7,5,'劳务合同','硕士','通信工程','西安电子科技学校','2018-01-01','在职','00000056',5.25,NULL,NULL,'2018-01-01','2023-04-13',NULL,0), 	 ('江南一点雨','男','1990-01-01','610122199001011409','已婚',1,'陕西',13,'laowang@qq.com','18565558897','深圳市南山区',4,1,1,'劳动合同','本科','信息管理与信息系统','深圳大学','2018-01-01','在职','00000001',1.0,NULL,NULL,'2018-01-01','2019-01-01',NULL,0), 	 ('陈静','女','1989-02-01','610122199001011410','已婚',1,'海南',1,'chenjing@qq.com','18795556693','海南省海口市美兰区',7,3,2,'劳动合同','高中','市场营销','武汉大学','2015-06-09','在职','00000002',3.0,NULL,NULL,'2015-06-09','2018-06-08',NULL,0), 	 ('赵琳浩','男','1993-03-04','610122199001011411','未婚',1,'陕西',3,'zhao@qq.com','15698887795','陕西省西安市莲湖区',12,3,4,'劳动合同','博士','电子工程','哈尔滨理工大学','2018-01-01','在职','00000003',3.5,NULL,NULL,'2018-01-01','2021-07-14',NULL,0), 	 ('鹿存亮','男','1990-01-03','610122199001011412','已婚',1,'陕西',3,'zhao@qq.com','15612347795','陕西省西安市莲湖区',13,3,5,'劳动合同','高中','电子工程','哈尔滨理工大学','2018-01-01','在职','00000004',3.5,NULL,NULL,'2018-01-01','2021-07-14',NULL,0), 	 ('姚森','男','1991-02-05','610122199001011413','已婚',1,'河南',3,'yaosen@qq.com','14785559936','河南洛阳人民大道58号',13,6,5,'劳动合同','初中','室内装修设计','西北大学','2017-01-02','在职','00000005',7.0,NULL,NULL,'2017-01-02','2024-01-17',NULL,0), 	 ('贾旭明','男','1993-11-11','610122199001011414','已婚',1,'广东广州',4,'jiaxuming@qq.com','15644441234','广东省广州市天河区冼村路',5,6,4,'劳务合同','初中','通信工程','西北大学','2018-01-01','在职','00000007',5.25,NULL,NULL,'2018-01-01','2023-04-13',NULL,0), 	 ('张黎明','男','1991-02-01','610122199001011415','已婚',1,'广东',6,'zhangliming@qq.com','18979994478','广东珠海',12,6,4,'劳动合同','高中','考古','清华大学','2018-01-01','在职','00000008',7.0,NULL,NULL,'2018-01-01','2025-01-30',NULL,0), 	 ('薛磊','男','1992-07-01','610122199001011416','已婚',1,'陕西西安',13,'xuelei@qq.com','15648887741','西安市雁塔区',13,5,5,'劳动合同','初中','无','华胥中学','2018-01-01','在职','00000009',6.0,NULL,NULL,'2018-01-01','2024-01-17',NULL,0), 	 ('张洁','女','1990-10-09','610122199001011417','未婚',1,'海南',5,'zhangjie@qq.com','13695557742','海口市美兰区',13,7,5,'劳动合同','高中','无','海南侨中','2018-01-01','在职','00000010',1.0,NULL,NULL,'2018-01-01','2019-01-01',NULL,0), 	 ('江南一点雨2','男','1990-01-01','610122199001011418','已婚',1,'陕西',13,'laowang@qq.com','18565558897','深圳市南山区',4,1,1,'劳动合同','本科','信息管理与信息系统','深圳大学','2018-01-01','在职','00000011',1.0,NULL,NULL,'2018-01-01','2019-01-01',NULL,0), 	 ('陈静2','女','1989-02-01','610122199001011419','已婚',1,'海南',1,'chenjing@qq.com','18795556693','海南省海口市美兰区',7,3,2,'劳动合同','高中','市场营销','武汉大学','2015-06-09','在职','00000012',3.0,NULL,NULL,'2015-06-09','2018-06-08',NULL,0), 	 ('赵琳浩2','男','1993-03-04','610122199001011420','未婚',1,'陕西',3,'zhao@qq.com','15698887795','陕西省西安市莲湖区',12,3,4,'劳动合同','博士','电子工程','哈尔滨理工大学','2018-01-01','在职','00000013',3.5,NULL,NULL,'2018-01-01','2021-07-14',NULL,0), 	 ('鹿存亮2','男','1990-01-03','610122199001011421','已婚',1,'陕西',3,'zhao@qq.com','15612347795','陕西省西安市莲湖区',13,3,5,'劳动合同','高中','电子工程','哈尔滨理工大学','2018-01-01','在职','00000014',3.5,NULL,NULL,'2018-01-01','2021-07-14',NULL,0), 	 ('姚森2','男','1991-02-05','610122199001011422','已婚',1,'河南',3,'yaosen@qq.com','14785559936','河南洛阳人民大道58号',13,6,5,'劳动合同','初中','室内装修设计','西北大学','2017-01-02','在职','00000015',7.0,NULL,NULL,'2017-01-02','2024-01-17',NULL,0), 	 ('云星2','女','1993-01-05','610122199001011423','已婚',1,'陕西西安',1,'yunxing@qq.com','15644442252','陕西西安新城区',13,7,5,'劳务合同','硕士','通信工程','西安电子科技学校','2018-01-01','在职','00000016',5.25,NULL,NULL,'2018-01-01','2023-04-13',NULL,0), 	 ('贾旭明2','男','1993-11-11','610122199001011424','已婚',1,'广东广州',4,'jiaxuming@qq.com','15644441234','广东省广州市天河区冼村路',5,6,4,'劳务合同','初中','通信工程','西北大学','2018-01-01','在职','00000017',5.25,NULL,NULL,'2018-01-01','2023-04-13',NULL,0), 	 ('王一亭','男','1991-02-01','610122199001011425','已婚',1,'广东',6,'zhangliming@qq.com','18979994478','广东珠海',12,6,4,'劳动合同','高中','考古','清华大学','2018-01-01','在职','00000018',7.0,NULL,NULL,'2018-01-01','2025-01-30',NULL,0), 	 ('薛磊2','男','1992-07-01','610122199001011426','已婚',1,'陕西西安',13,'xuelei@qq.com','15648887741','西安市雁塔区',13,5,5,'劳动合同','初中','无','华胥中学','2018-01-01','在职','00000019',1.0,NULL,NULL,'2018-01-01','2019-01-01',NULL,0), 	 ('张洁2','女','1990-10-09','610122199001011427','未婚',1,'海南',5,'zhangjie@qq.com','13695557742','海口市美兰区',13,7,5,'劳动合同','高中','无','海南侨中','2018-01-01','在职','00000020',1.0,NULL,NULL,'2018-01-01','2019-01-01',NULL,0), 	 ('江南一点雨3','男','1990-01-01','610122199001011428','已婚',1,'陕西',13,'laowang@qq.com','18565558897','深圳市南山区',4,1,1,'劳动合同','本科','信息管理与信息系统','深圳大学','2018-01-01','在职','00000021',1.0,NULL,NULL,'2018-01-01','2019-01-01',NULL,0), 	 ('陈静3','女','1989-02-01','610122199001011429','已婚',1,'海南',1,'chenjing@qq.com','18795556693','海南省海口市美兰区',7,3,2,'劳动合同','高中','市场营销','武汉大学','2015-06-09','在职','00000022',3.0,NULL,NULL,'2015-06-09','2018-06-08',NULL,0), 	 ('鹿存亮3','男','1990-01-03','610122199001011430','已婚',1,'陕西',3,'zhao@qq.com','15612347795','陕西省西安市莲湖区',13,3,5,'劳动合同','高中','电子工程','哈尔滨理工大学','2018-01-01','在职','00000024',3.5,NULL,NULL,'2018-01-01','2021-07-14',NULL,0), 	 ('姚森3','男','1991-02-05','610122199001011431','已婚',1,'河南',3,'yaosen@qq.com','14785559936','河南洛阳人民大道58号',13,6,5,'劳动合同','初中','室内装修设计','西北大学','2017-01-02','在职','00000025',7.0,NULL,NULL,'2017-01-02','2024-01-17',NULL,0), 	 ('云星3','女','1993-01-05','610122199001011432','已婚',1,'陕西西安',1,'yunxing@qq.com','15644442252','陕西西安新城区',13,7,5,'劳务合同','硕士','通信工程','西安电子科技学校','2018-01-01','在职','00000026',5.25,NULL,NULL,'2018-01-01','2023-04-13',NULL,0), 	 ('贾旭明3','男','1993-11-11','610122199001011433','已婚',1,'广东广州',4,'jiaxuming@qq.com','15644441234','广东省广州市天河区冼村路',5,6,4,'劳务合同','初中','通信工程','西北大学','2018-01-01','在职','00000027',5.25,NULL,NULL,'2018-01-01','2023-04-13',NULL,0), 	 ('张黎明3','男','1991-02-01','610122199001011434','已婚',1,'广东',6,'zhangliming@qq.com','18979994478','广东珠海',12,6,4,'劳动合同','高中','考古','清华大学','2018-01-01','在职','00000028',7.0,NULL,NULL,'2018-01-01','2025-01-30',NULL,0), 	 ('薛磊3','男','1992-07-01','610122199001011435','已婚',1,'陕西西安',13,'xuelei@qq.com','15648887741','西安市雁塔区',13,5,5,'劳动合同','初中','无','华胥中学','2018-01-01','在职','00000029',6.0,NULL,NULL,'2018-01-01','2024-01-17',NULL,0), 	 ('江南一点雨4','男','1990-01-01','610122199001011436','已婚',1,'陕西',13,'laowang@qq.com','18565558897','深圳市南山区',4,1,1,'劳动合同','本科','信息管理与信息系统','深圳大学','2018-01-01','在职','00000031',1.0,NULL,NULL,'2018-01-01','2019-01-01',NULL,0), 	 ('陈静4','女','1989-02-01','610122199001011437','已婚',1,'海南',1,'chenjing@qq.com','18795556693','海南省海口市美兰区',7,3,2,'劳动合同','高中','市场营销','武汉大学','2015-06-09','在职','00000032',3.0,NULL,NULL,'2015-06-09','2018-06-08',NULL,0), 	 ('赵琳浩4','男','1993-03-04','610122199001011438','未婚',1,'陕西',3,'zhao@qq.com','15698887795','陕西省西安市莲湖区',12,3,4,'劳动合同','博士','电子工程','哈尔滨理工大学','2018-01-01','在职','00000033',3.5,NULL,NULL,'2018-01-01','2021-07-14',NULL,0), 	 ('鹿存亮4','男','1990-01-03','610122199001011439','已婚',1,'陕西',3,'zhao@qq.com','15612347795','陕西省西安市莲湖区',13,3,5,'劳动合同','高中','电子工程','哈尔滨理工大学','2018-01-01','在职','00000034',3.5,NULL,NULL,'2018-01-01','2021-07-14',NULL,0), 	 ('姚森4','男','1991-02-05','610122199001011440','已婚',1,'河南',3,'yaosen@qq.com','14785559936','河南洛阳人民大道58号',13,6,5,'劳动合同','初中','室内装修设计','西北大学','2017-01-02','在职','00000035',7.0,NULL,NULL,'2017-01-02','2024-01-17',NULL,0), 	 ('云星4','女','1993-01-05','610122199001011441','已婚',1,'陕西西安',1,'yunxing@qq.com','15644442252','陕西西安新城区',13,7,5,'劳务合同','硕士','通信工程','西安电子科技学校','2018-01-01','在职','00000036',5.25,NULL,NULL,'2018-01-01','2023-04-13',NULL,0), 	 ('贾旭明4','男','1993-11-11','610122199001011442','已婚',1,'广东广州',4,'jiaxuming@qq.com','15644441234','广东省广州市天河区冼村路',5,6,4,'劳务合同','初中','通信工程','西北大学','2018-01-01','在职','00000037',5.25,NULL,NULL,'2018-01-01','2023-04-13',NULL,0), 	 ('谢工','女','1970-01-01','610122199001011443','离异',1,'江苏',1,'584991843@qq.com','18558887788','北京',12,3,1,'劳动合同','本科','计算机软件','南华大学','2018-01-01','在职','00000038',5.0,NULL,NULL,'2018-01-01','2023-01-01',NULL,0), 	 ('林昭亮','男','1990-01-01','610122199001011444','已婚',1,'广东',13,'584991843@qq.com','16767776654','广东深圳',12,6,4,'劳动合同','大专','计算机软件','广东职业技术学院','2018-01-01','在职','00000039',5.0,NULL,NULL,'2018-01-01','2023-01-01',NULL,0), 	 ('11','男','2018-01-01','610122199001011445','已婚',1,'1',1,'584991843@qq.com','111','1',11,1,1,'劳动合同','本科','1','1','2018-01-01','在职','00000040',4.0,NULL,NULL,'2018-01-01','2022-01-26',NULL,0), 	 ('1','男','2018-01-01','610122199001011446','已婚',1,'1',1,'584991843@qq.com','1','1',11,1,1,'劳动合同','大专','1','1','2018-01-31','在职','00000041',1.0,NULL,NULL,'2018-01-31','2019-01-31',NULL,0), 	 ('1','男','2018-01-01','610122199001011447','已婚',1,'1',1,'584991843@qq.com','1','1',5,1,1,'劳动合同','大专','1','1','2018-01-31','在职','00000042',1.0,NULL,NULL,'2018-01-31','2019-01-31',NULL,0), 	 ('1','男','2018-01-01','610122199001011448','已婚',1,'1',1,'584991843@qq.com','1','1',6,1,1,'劳动合同','大专','1','1','2018-01-31','在职','00000043',0.0,NULL,NULL,'2018-01-31','2018-01-31',NULL,0), 	 ('1','男','2018-01-01','610122199001011449','已婚',1,'1',1,'584991843@qq.com','1','1',10,1,1,'劳动合同','大专','1','1','2018-01-01','在职','00000044',0.0,NULL,NULL,'2018-01-01','2018-01-31',NULL,0), 	 ('1','男','2018-01-01','610122199001011450','已婚',1,'1',1,'584991843@qq.com','1','1',5,1,1,'劳动合同','大专','1','1','2018-01-01','在职','00000045',0.0,NULL,NULL,'2018-01-01','2018-01-31',NULL,0), 	 ('林伯渠','男','2018-01-01','610122199001011451','未婚',1,'1',1,'584991843@qq.com','1','1',4,1,1,'劳动合同','大专','1','1','2018-01-31','在职','00000046',0.0,NULL,NULL,'2018-01-31','2018-01-31',NULL,0), 	 ('1','男','2018-01-01','610122199001011452','已婚',1,'1',1,'584991843@qq.com','1','1',4,1,1,'劳动合同','大专','1','1','2018-01-31','在职','00000047',0.0,NULL,NULL,'2018-01-31','2018-01-31',NULL,0), 	 ('javaboy','男','1989-12-31','610122199001011453','已婚',1,'陕西',13,'laowang@qq.com','18565558897','深圳市南山区',3,1,1,'劳务合同','本科','信息管理与信息系统','深圳大学','2017-12-31','在职','00000057',2.0,'2018-03-31',NULL,'2017-12-31','2019-12-31',NULL,0), 	 ('javaboy','男','1989-12-31','610122199001011454','已婚',1,'陕西',13,'laowang@qq.com','18565558897','深圳市南山区',14,1,1,'劳务合同','本科','信息管理与信息系统','深圳大学','2019-11-05','在职','00000058',2.0,'2018-03-31',NULL,'2017-12-31','2019-12-31',NULL,0), 	 ('javaboy','男','1989-12-31','610122199001011455','已婚',1,'',13,'laowang@qq.com','18565558897','深圳市南山区',14,1,1,'劳务合同','本科','信息管理与信息系统','深圳大学','2019-11-05','在职','00000059',2.0,'2018-03-31',NULL,'2017-12-31','2019-12-31',NULL,0), 	 ('javaboy','男','1989-12-31','610122199001011456','已婚',1,'陕西',13,'laowan@123.com','18565558897','深圳市南山区',3,1,1,'劳务合同','本科','信息管理与信息系统','深圳大学','2017-12-31','在职','00000060',2.0,'2018-03-31',NULL,'2017-12-31','2019-12-31',NULL,0), 	 ('javaboy','男','1989-12-31','610122199001011457','已婚',1,'陕西',13,'laowan@123.com','18565558897','深圳市南山区',3,1,1,'劳务合同','本科','信息管理与信息系统','深圳大学','2017-12-31','在职','00000060',2.0,'2018-03-31',NULL,'2017-12-31','2019-12-31',NULL,0), 	 ('javaboy','男','1989-12-31','610122199001011458','已婚',1,'陕西',13,'laowang@qq.com','18565558897','深圳市南山区',12,1,1,'劳务合同','本科','信息管理与信息系统','深圳大学','2017-12-31','在职','00000061',2.0,'2018-03-31',NULL,'2017-12-31','2019-12-31',NULL,0), 	 ('javaboy','男','1989-12-31','610122199001011459','已婚',1,'陕西',13,'laowang@qq.com','18565558897','深圳市南山区',12,1,1,'劳务合同','本科','信息管理与信息系统','深圳大学','2017-12-31','在职','00000062',6.17,'2018-03-31',NULL,'2017-12-31','2024-02-29',NULL,0), 	 ('javaboy666','男','2019-11-10','610122199001011460','已婚',1,'广东',13,'123@qq.com','12345678901','广东深圳',5,1,1,'劳动合同','本科','信管','深圳大学','2019-11-10','在职','00000063',3.25,'2020-02-10',NULL,'2019-11-10','2023-02-22',NULL,0), 	 ('javaboy666','男','2019-11-10','610122199001011461','已婚',1,'广东',13,'123@qq.com','12345678901','广东深圳',5,1,1,'劳动合同','本科','信管','深圳大学','2019-11-10','在职','00000063',3.25,'2020-02-10',NULL,'2019-11-10','2023-02-22',NULL,0), 	 ('江南一点雨','男','1990-01-01','610122199001011462','已婚',1,'陕西',13,'laowang@qq.com','18565558897','深圳市南山区',3,1,1,'劳务合同','本科','信息管理与信息系统','深圳大学','2018-01-01','在职','00000001',2.0,'2018-04-01',NULL,'2018-01-01','2020-01-01',NULL,0), 	 ('陈静','女','1989-02-01','610122199001011463','已婚',1,'海南',1,'chenjing@qq.com','18795556693','海南省海口市美兰区',12,3,1,'劳动合同','高中','市场营销','武汉大学','2015-06-09','在职','00000002',3.0,'2015-09-10',NULL,'2015-06-09','2018-06-08',NULL,0), 	 ('赵琳浩','男','1993-03-04','610122199001011464','未婚',1,'陕西',3,'zhao@qq.com','15698887795','陕西省西安市莲湖区',12,3,4,'劳动合同','博士','电子工程','哈尔滨理工大学','2018-01-01','在职','00000003',3.5,'2018-04-01',NULL,'2018-01-01','2021-07-14',NULL,0), 	 ('鹿存亮','男','1990-01-03','610122199001011465','已婚',1,'陕西',3,'zhao@qq.com','15612347795','陕西省西安市莲湖区',13,3,5,'劳动合同','高中','电子工程','哈尔滨理工大学','2018-01-01','在职','00000004',3.5,'2018-04-01',NULL,'2018-01-01','2021-07-14',NULL,0), 	 ('姚森','男','1991-02-05','610122199001011466','已婚',1,'河南',3,'yaosen@qq.com','14785559936','河南洛阳人民大道58号',13,6,5,'劳动合同','硕士','室内装修设计','西北大学','2017-01-02','在职','00000005',7.0,'2017-04-02',NULL,'2017-01-02','2024-01-17',NULL,0), 	 ('云星','女','1993-01-05','610122199001011467','已婚',1,'陕西西安',1,'yunxing@qq.com','15644442252','陕西西安新城区',13,7,5,'劳务合同','硕士','通信工程','西安电子科技学校','2018-01-01','在职','00000006',5.25,'2018-04-01',NULL,'2018-01-01','2023-04-13',NULL,0), 	 ('贾旭明','男','1993-11-11','610122199001011468','已婚',1,'广东广州',4,'jiaxuming@qq.com','15644441234','广东省广州市天河区冼村路',5,6,4,'劳务合同','初中','通信工程','西北大学','2018-01-01','在职','00000007',5.25,'2018-04-01',NULL,'2018-01-01','2023-04-13',NULL,0), 	 ('张黎明','男','1991-02-01','610122199001011469','已婚',1,'广东',6,'zhangliming@qq.com','18979994478','广东珠海',12,6,4,'劳动合同','高中','考古','清华大学','2018-01-01','在职','00000008',7.0,'2018-04-01',NULL,'2018-01-01','2025-01-30',NULL,0), 	 ('薛磊','男','1992-07-01','610122199001011470','已婚',1,'陕西西安',13,'xuelei@qq.com','15648887741','西安市雁塔区',13,5,5,'劳动合同','初中','无','华胥中学','2018-01-01','在职','00000009',6.0,'2018-04-01',NULL,'2018-01-01','2024-01-17',NULL,0), 	 ('张洁','女','1990-10-09','610122199001011471','未婚',1,'海南',5,'zhangjie@qq.com','13695557742','海口市美兰区',13,7,5,'劳动合同','高中','无','海南侨中','2018-01-01','在职','00000010',1.0,'2018-01-31',NULL,'2018-01-01','2019-01-01',NULL,0), 	 ('江南一点雨2','男','1990-01-01','610122199001011472','已婚',1,'陕西',13,'laowang@qq.com','18565558897','深圳市南山区',12,1,1,'劳动合同','本科','信息管理与信息系统','深圳大学','2018-01-01','在职','00000011',1.0,'2018-04-01',NULL,'2018-01-01','2019-01-01',NULL,0), 	 ('陈静2','女','1989-02-01','610122199001011473','已婚',1,'海南',1,'chenjing@qq.com','18795556693','海南省海口市美兰区',7,3,2,'劳动合同','高中','市场营销','武汉大学','2015-06-09','在职','00000012',3.0,'2015-09-10',NULL,'2015-06-09','2018-06-08',NULL,0), 	 ('赵琳浩2','男','1993-03-04','610122199001011474','未婚',1,'陕西',3,'zhao@qq.com','15698887795','陕西省西安市莲湖区',12,3,4,'劳动合同','博士','电子工程','哈尔滨理工大学','2018-01-01','在职','00000013',3.5,'2018-04-01',NULL,'2018-01-01','2021-07-14',NULL,0), 	 ('鹿存亮2','男','1990-01-03','610122199001011475','已婚',1,'陕西',3,'zhao@qq.com','15612347795','陕西省西安市莲湖区',13,3,5,'劳动合同','高中','电子工程','哈尔滨理工大学','2018-01-01','在职','00000014',3.5,'2018-04-01',NULL,'2018-01-01','2021-07-14',NULL,0), 	 ('姚森2','男','1991-02-05','610122199001011476','已婚',1,'河南',3,'yaosen@qq.com','14785559936','河南洛阳人民大道58号',13,6,5,'劳动合同','初中','室内装修设计','西北大学','2017-01-02','在职','00000015',7.0,'2017-04-02',NULL,'2017-01-02','2024-01-17',NULL,0), 	 ('云星2','女','1993-01-05','610122199001011477','已婚',1,'陕西西安',1,'yunxing@qq.com','15644442252','陕西西安新城区',13,7,5,'劳务合同','硕士','通信工程','西安电子科技学校','2018-01-01','在职','00000016',5.25,'2018-04-01',NULL,'2018-01-01','2023-04-13',NULL,0), 	 ('贾旭明2','男','1993-11-11','610122199001011478','已婚',1,'广东广州',4,'jiaxuming@qq.com','15644441234','广东省广州市天河区冼村路',5,6,4,'劳务合同','初中','通信工程','西北大学','2018-01-01','在职','00000017',5.25,'2018-04-01',NULL,'2018-01-01','2023-04-13',NULL,0), 	 ('王一亭','男','1991-02-01','610122199001011479','已婚',1,'广东',6,'zhangliming@qq.com','18979994478','广东珠海',12,6,4,'劳动合同','高中','考古','清华大学','2018-01-01','在职','00000018',7.0,'2018-04-01',NULL,'2018-01-01','2025-01-30',NULL,0), 	 ('薛磊2','男','1992-07-01','610122199001011480','已婚',1,'陕西西安',13,'xuelei@qq.com','15648887741','西安市雁塔区',13,5,5,'劳动合同','初中','无','华胥中学','2018-01-01','在职','00000019',1.0,'2018-04-01',NULL,'2018-01-01','2019-01-01',NULL,0), 	 ('张洁2','女','1990-10-09','610122199001011481','未婚',1,'海南',5,'zhangjie@qq.com','13695557742','海口市美兰区',13,7,5,'劳动合同','高中','无','海南侨中','2018-01-01','在职','00000020',1.0,'2018-01-31',NULL,'2018-01-01','2019-01-01',NULL,0), 	 ('江南一点雨3','男','1990-01-01','610122199001011482','已婚',1,'陕西',13,'laowang@qq.com','18565558897','深圳市南山区',4,1,1,'劳动合同','本科','信息管理与信息系统','深圳大学','2018-01-01','在职','00000021',1.0,'2018-04-01',NULL,'2018-01-01','2019-01-01',NULL,0), 	 ('陈静3','女','1989-02-01','610122199001011483','已婚',1,'海南',1,'chenjing@qq.com','18795556693','海南省海口市美兰区',7,3,2,'劳动合同','高中','市场营销','武汉大学','2015-06-09','在职','00000022',3.0,'2015-09-10',NULL,'2015-06-09','2018-06-08',NULL,0), 	 ('鹿存亮3','男','1990-01-03','610122199001011484','已婚',1,'陕西',3,'zhao@qq.com','15612347795','陕西省西安市莲湖区',13,3,5,'劳动合同','高中','电子工程','哈尔滨理工大学','2018-01-01','在职','00000024',3.5,'2018-04-01',NULL,'2018-01-01','2021-07-14',NULL,0), 	 ('姚森3','男','1991-02-05','610122199001011485','已婚',1,'河南',3,'yaosen@qq.com','14785559936','河南洛阳人民大道58号',13,6,5,'劳动合同','初中','室内装修设计','西北大学','2017-01-02','在职','00000025',7.0,'2017-04-02',NULL,'2017-01-02','2024-01-17',NULL,0), 	 ('云星3','女','1993-01-05','610122199001011486','已婚',1,'陕西西安',1,'yunxing@qq.com','15644442252','陕西西安新城区',13,7,5,'劳务合同','硕士','通信工程','西安电子科技学校','2018-01-01','在职','00000026',5.25,'2018-04-01',NULL,'2018-01-01','2023-04-13',NULL,0), 	 ('贾旭明3','男','1993-11-11','610122199001011487','已婚',1,'广东广州',4,'jiaxuming@qq.com','15644441234','广东省广州市天河区冼村路',5,6,4,'劳务合同','初中','通信工程','西北大学','2018-01-01','在职','00000027',5.25,'2018-04-01',NULL,'2018-01-01','2023-04-13',NULL,0), 	 ('张黎明3','男','1991-02-01','610122199001011488','已婚',1,'广东',6,'zhangliming@qq.com','18979994478','广东珠海',12,6,4,'劳动合同','高中','考古','清华大学','2018-01-01','在职','00000028',7.0,'2018-04-01',NULL,'2018-01-01','2025-01-30',NULL,0), 	 ('薛磊3','男','1992-07-01','610122199001011489','已婚',1,'陕西西安',13,'xuelei@qq.com','15648887741','西安市雁塔区',13,5,5,'劳动合同','初中','无','华胥中学','2018-01-01','在职','00000029',6.0,'2018-04-01',NULL,'2018-01-01','2024-01-17',NULL,0), 	 ('江南一点雨4','男','1990-01-01','610122199001011490','已婚',1,'陕西',13,'laowang@qq.com','18565558897','深圳市南山区',4,1,1,'劳动合同','本科','信息管理与信息系统','深圳大学','2018-01-01','在职','00000031',1.0,'2018-04-01',NULL,'2018-01-01','2019-01-01',NULL,0), 	 ('陈静4','女','1989-02-01','610122199001011491','已婚',1,'海南',1,'chenjing@qq.com','18795556693','海南省海口市美兰区',7,3,2,'劳动合同','高中','市场营销','武汉大学','2015-06-09','在职','00000032',3.0,'2015-09-10',NULL,'2015-06-09','2018-06-08',NULL,0), 	 ('赵琳浩4','男','1993-03-04','610122199001011492','未婚',1,'陕西',3,'zhao@qq.com','15698887795','陕西省西安市莲湖区',12,3,4,'劳动合同','博士','电子工程','哈尔滨理工大学','2018-01-01','在职','00000033',3.5,'2018-04-01',NULL,'2018-01-01','2021-07-14',NULL,0), 	 ('鹿存亮4','男','1990-01-03','610122199001011493','已婚',1,'陕西',3,'zhao@qq.com','15612347795','陕西省西安市莲湖区',13,3,5,'劳动合同','高中','电子工程','哈尔滨理工大学','2018-01-01','在职','00000034',3.5,'2018-04-01',NULL,'2018-01-01','2021-07-14',NULL,0), 	 ('姚森4','男','1991-02-05','610122199001011494','已婚',1,'河南',3,'yaosen@qq.com','14785559936','河南洛阳人民大道58号',13,6,5,'劳动合同','初中','室内装修设计','西北大学','2017-01-02','在职','00000035',7.0,'2017-04-02',NULL,'2017-01-02','2024-01-17',NULL,0), 	 ('云星4','女','1993-01-05','610122199001011495','已婚',1,'陕西西安',1,'yunxing@qq.com','15644442252','陕西西安新城区',13,7,5,'劳务合同','硕士','通信工程','西安电子科技学校','2018-01-01','在职','00000036',5.25,'2018-04-01',NULL,'2018-01-01','2023-04-13',NULL,0), 	 ('贾旭明4','男','1993-11-11','610122199001011496','已婚',1,'广东广州',4,'jiaxuming@qq.com','15644441234','广东省广州市天河区冼村路',5,6,4,'劳务合同','初中','通信工程','西北大学','2018-01-01','在职','00000037',5.25,'2018-04-01',NULL,'2018-01-01','2023-04-13',NULL,0), 	 ('张黎明2','男','1991-02-01','610122199001011497','已婚',1,'广东',6,'zhangliming@qq.com','18979994478','广东珠海',12,6,4,'劳动合同','高中','考古','清华大学','2018-01-01','在职','00000038',7.0,'2018-04-01',NULL,'2018-01-01','2025-01-30',NULL,0), 	 ('薛磊4','男','1992-07-01','610122199001011498','已婚',1,'陕西西安',13,'xuelei@qq.com','15648887741','西安市雁塔区',13,5,5,'劳动合同','初中','无','华胥中学','2018-01-01','在职','00000039',6.0,'2018-04-01',NULL,'2018-01-01','2024-01-17',NULL,0), 	 ('张洁4','女','1990-10-09','610122199001011499','未婚',1,'海南',5,'zhangjie@qq.com','13695557742','海口市美兰区',13,7,5,'劳动合同','高中','无','海南侨中','2018-01-01','在职','00000040',1.0,'2018-01-31',NULL,'2018-01-01','2019-01-01',NULL,0), 	 ('江南一点雨5','男','1990-01-01','610122199001011500','已婚',1,'陕西',13,'laowang@qq.com','18565558897','深圳市南山区',4,1,1,'劳动合同','本科','信息管理与信息系统','深圳大学','2018-01-01','在职','00000041',1.0,'2018-04-01',NULL,'2018-01-01','2019-01-01',NULL,0), 	 ('陈静5','女','1989-02-01','610122199001011501','已婚',1,'海南',1,'chenjing@qq.com','18795556693','海南省海口市美兰区',7,3,2,'劳动合同','高中','市场营销','武汉大学','2015-06-09','在职','00000042',3.0,'2015-09-10',NULL,'2015-06-09','2018-06-08',NULL,0), 	 ('赵琳浩5','男','1993-03-04','610122199001011502','未婚',1,'陕西',3,'zhao@qq.com','15698887795','陕西省西安市莲湖区',12,3,4,'劳动合同','博士','电子工程','哈尔滨理工大学','2018-01-01','在职','00000043',3.5,'2018-04-01',NULL,'2018-01-01','2021-07-14',NULL,0), 	 ('鹿存亮5','男','1990-01-03','610122199001011503','已婚',1,'陕西',3,'zhao@qq.com','15612347795','陕西省西安市莲湖区',13,3,5,'劳动合同','高中','电子工程','哈尔滨理工大学','2018-01-01','在职','00000044',3.5,'2018-04-01',NULL,'2018-01-01','2021-07-14',NULL,0), 	 ('姚森5','男','1991-02-05','610122199001011504','已婚',1,'河南',3,'yaosen@qq.com','14785559936','河南洛阳人民大道58号',13,6,5,'劳动合同','初中','室内装修设计','西北大学','2017-01-02','在职','00000045',7.0,'2017-04-02',NULL,'2017-01-02','2024-01-17',NULL,0), 	 ('云星5','女','1993-01-05','610122199001011505','已婚',1,'陕西西安',1,'yunxing@qq.com','15644442252','陕西西安新城区',13,7,5,'劳务合同','硕士','通信工程','西安电子科技学校','2018-01-01','在职','00000046',5.25,'2018-04-01',NULL,'2018-01-01','2023-04-13',NULL,0), 	 ('贾旭明5','男','1993-11-11','610122199001011506','已婚',1,'广东广州',4,'jiaxuming@qq.com','15644441234','广东省广州市天河区冼村路',5,6,4,'劳务合同','初中','通信工程','西北大学','2018-01-01','在职','00000047',5.25,'2018-04-01',NULL,'2018-01-01','2023-04-13',NULL,0), 	 ('张黎明5','男','1991-02-01','610122199001011507','已婚',1,'广东',6,'zhangliming@qq.com','18979994478','广东珠海',12,6,4,'劳动合同','高中','考古','清华大学','2018-01-01','在职','00000048',7.0,'2018-04-01',NULL,'2018-01-01','2025-01-30',NULL,0), 	 ('薛磊5','男','1992-07-01','610122199001011508','已婚',1,'陕西西安',13,'xuelei@qq.com','15648887741','西安市雁塔区',13,5,5,'劳动合同','初中','无','华胥中学','2018-01-01','在职','00000049',6.0,'2018-04-01',NULL,'2018-01-01','2024-01-17',NULL,0), 	 ('张洁5','女','1990-10-09','610122199001011509','未婚',1,'海南',5,'zhangjie@qq.com','13695557742','海口市美兰区',13,7,5,'劳动合同','高中','无','海南侨中','2018-01-01','在职','00000050',1.0,'2018-01-31',NULL,'2018-01-01','2019-01-01',NULL,0), 	 ('江南一点雨6','男','1990-01-01','610122199001011510','已婚',1,'陕西',13,'laowang@qq.com','18565558897','深圳市南山区',4,1,1,'劳动合同','本科','信息管理与信息系统','深圳大学','2018-01-01','在职','00000051',1.0,'2018-04-01',NULL,'2018-01-01','2019-01-01',NULL,0), 	 ('陈静6','女','1989-02-01','610122199001011511','已婚',1,'海南',1,'chenjing@qq.com','18795556693','海南省海口市美兰区',7,3,2,'劳动合同','高中','市场营销','武汉大学','2015-06-09','在职','00000052',3.0,'2015-09-10',NULL,'2015-06-09','2018-06-08',NULL,0), 	 ('赵琳浩6','男','1993-03-04','610122199001011512','未婚',1,'陕西',3,'zhao@qq.com','15698887795','陕西省西安市莲湖区',12,3,4,'劳动合同','博士','电子工程','哈尔滨理工大学','2018-01-01','在职','00000053',3.5,'2018-04-01',NULL,'2018-01-01','2021-07-14',NULL,0), 	 ('鹿存亮6','男','1990-01-03','610122199001011513','已婚',1,'陕西',3,'zhao@qq.com','15612347795','陕西省西安市莲湖区',13,3,5,'劳动合同','高中','电子工程','哈尔滨理工大学','2018-01-01','在职','00000054',3.5,'2018-04-01',NULL,'2018-01-01','2021-07-14',NULL,0), 	 ('姚森6','男','1991-02-05','610122199001011514','已婚',1,'河南',3,'yaosen@qq.com','14785559936','河南洛阳人民大道58号',13,6,5,'劳动合同','初中','室内装修设计','西北大学','2017-01-02','在职','00000055',7.0,'2017-04-02',NULL,'2017-01-02','2024-01-17',NULL,0), 	 ('云星6','女','1993-01-05','610122199001011515','已婚',1,'陕西西安',1,'yunxing@qq.com','15644442252','陕西西安新城区',13,7,5,'劳务合同','硕士','通信工程','西安电子科技学校','2018-01-01','在职','00000056',5.25,'2018-04-01',NULL,'2018-01-01','2023-04-13',NULL,0), 	 ('江南一点雨','男','1990-01-01','610122199001011516','已婚',1,'陕西',13,'laowang@qq.com','18565558897','深圳市南山区',4,1,1,'劳动合同','本科','信息管理与信息系统','深圳大学','2018-01-01','在职','00000001',1.0,NULL,NULL,'2018-01-01','2019-01-01',NULL,0), 	 ('陈静','女','1989-02-01','610122199001011517','已婚',1,'海南',1,'chenjing@qq.com','18795556693','海南省海口市美兰区',7,3,2,'劳动合同','高中','市场营销','武汉大学','2015-06-09','在职','00000002',3.0,NULL,NULL,'2015-06-09','2018-06-08',NULL,0), 	 ('赵琳浩','男','1993-03-04','610122199001011518','未婚',1,'陕西',3,'zhao@qq.com','15698887795','陕西省西安市莲湖区',12,3,4,'劳动合同','博士','电子工程','哈尔滨理工大学','2018-01-01','在职','00000003',3.5,NULL,NULL,'2018-01-01','2021-07-14',NULL,0), 	 ('鹿存亮','男','1990-01-03','610122199001011519','已婚',1,'陕西',3,'zhao@qq.com','15612347795','陕西省西安市莲湖区',13,3,5,'劳动合同','高中','电子工程','哈尔滨理工大学','2018-01-01','在职','00000004',3.5,NULL,NULL,'2018-01-01','2021-07-14',NULL,0), 	 ('姚森','男','1991-02-05','610122199001011520','已婚',1,'河南',3,'yaosen@qq.com','14785559936','河南洛阳人民大道58号',13,6,5,'劳动合同','初中','室内装修设计','西北大学','2017-01-02','在职','00000005',7.0,NULL,NULL,'2017-01-02','2024-01-17',NULL,0), 	 ('贾旭明','男','1993-11-11','610122199001011521','已婚',1,'广东广州',4,'jiaxuming@qq.com','15644441234','广东省广州市天河区冼村路',5,6,4,'劳务合同','初中','通信工程','西北大学','2018-01-01','在职','00000007',5.25,NULL,NULL,'2018-01-01','2023-04-13',NULL,0), 	 ('张黎明','男','1991-02-01','610122199001011522','已婚',1,'广东',6,'zhangliming@qq.com','18979994478','广东珠海',12,6,4,'劳动合同','高中','考古','清华大学','2018-01-01','在职','00000008',7.0,NULL,NULL,'2018-01-01','2025-01-30',NULL,0), 	 ('薛磊','男','1992-07-01','610122199001011523','已婚',1,'陕西西安',13,'xuelei@qq.com','15648887741','西安市雁塔区',13,5,5,'劳动合同','初中','无','华胥中学','2018-01-01','在职','00000009',6.0,NULL,NULL,'2018-01-01','2024-01-17',NULL,0), 	 ('张洁','女','1990-10-09','610122199001011524','未婚',1,'海南',5,'zhangjie@qq.com','13695557742','海口市美兰区',13,7,5,'劳动合同','高中','无','海南侨中','2018-01-01','在职','00000010',1.0,NULL,NULL,'2018-01-01','2019-01-01',NULL,0), 	 ('江南一点雨2','男','1990-01-01','610122199001011525','已婚',1,'陕西',13,'laowang@qq.com','18565558897','深圳市南山区',4,1,1,'劳动合同','本科','信息管理与信息系统','深圳大学','2018-01-01','在职','00000011',1.0,NULL,NULL,'2018-01-01','2019-01-01',NULL,0), 	 ('陈静2','女','1989-02-01','610122199001011526','已婚',1,'海南',1,'chenjing@qq.com','18795556693','海南省海口市美兰区',7,3,2,'劳动合同','高中','市场营销','武汉大学','2015-06-09','在职','00000012',3.0,NULL,NULL,'2015-06-09','2018-06-08',NULL,0), 	 ('赵琳浩2','男','1993-03-04','610122199001011527','未婚',1,'陕西',3,'zhao@qq.com','15698887795','陕西省西安市莲湖区',12,3,4,'劳动合同','博士','电子工程','哈尔滨理工大学','2018-01-01','在职','00000013',3.5,NULL,NULL,'2018-01-01','2021-07-14',NULL,0), 	 ('鹿存亮2','男','1990-01-03','610122199001011528','已婚',1,'陕西',3,'zhao@qq.com','15612347795','陕西省西安市莲湖区',13,3,5,'劳动合同','高中','电子工程','哈尔滨理工大学','2018-01-01','在职','00000014',3.5,NULL,NULL,'2018-01-01','2021-07-14',NULL,0), 	 ('姚森2','男','1991-02-05','610122199001011529','已婚',1,'河南',3,'yaosen@qq.com','14785559936','河南洛阳人民大道58号',13,6,5,'劳动合同','初中','室内装修设计','西北大学','2017-01-02','在职','00000015',7.0,NULL,NULL,'2017-01-02','2024-01-17',NULL,0), 	 ('云星2','女','1993-01-05','610122199001011530','已婚',1,'陕西西安',1,'yunxing@qq.com','15644442252','陕西西安新城区',13,7,5,'劳务合同','硕士','通信工程','西安电子科技学校','2018-01-01','在职','00000016',5.25,NULL,NULL,'2018-01-01','2023-04-13',NULL,0), 	 ('贾旭明2','男','1993-11-11','610122199001011531','已婚',1,'广东广州',4,'jiaxuming@qq.com','15644441234','广东省广州市天河区冼村路',5,6,4,'劳务合同','初中','通信工程','西北大学','2018-01-01','在职','00000017',5.25,NULL,NULL,'2018-01-01','2023-04-13',NULL,0), 	 ('王一亭','男','1991-02-01','610122199001011532','已婚',1,'广东',6,'zhangliming@qq.com','18979994478','广东珠海',12,6,4,'劳动合同','高中','考古','清华大学','2018-01-01','在职','00000018',7.0,NULL,NULL,'2018-01-01','2025-01-30',NULL,0), 	 ('薛磊2','男','1992-07-01','610122199001011533','已婚',1,'陕西西安',13,'xuelei@qq.com','15648887741','西安市雁塔区',13,5,5,'劳动合同','初中','无','华胥中学','2018-01-01','在职','00000019',1.0,NULL,NULL,'2018-01-01','2019-01-01',NULL,0), 	 ('张洁2','女','1990-10-09','610122199001011534','未婚',1,'海南',5,'zhangjie@qq.com','13695557742','海口市美兰区',13,7,5,'劳动合同','高中','无','海南侨中','2018-01-01','在职','00000020',1.0,NULL,NULL,'2018-01-01','2019-01-01',NULL,0), 	 ('江南一点雨3','男','1990-01-01','610122199001011535','已婚',1,'陕西',13,'laowang@qq.com','18565558897','深圳市南山区',4,1,1,'劳动合同','本科','信息管理与信息系统','深圳大学','2018-01-01','在职','00000021',1.0,NULL,NULL,'2018-01-01','2019-01-01',NULL,0), 	 ('陈静3','女','1989-02-01','610122199001011536','已婚',1,'海南',1,'chenjing@qq.com','18795556693','海南省海口市美兰区',7,3,2,'劳动合同','高中','市场营销','武汉大学','2015-06-09','在职','00000022',3.0,NULL,NULL,'2015-06-09','2018-06-08',NULL,0), 	 ('鹿存亮3','男','1990-01-03','610122199001011537','已婚',1,'陕西',3,'zhao@qq.com','15612347795','陕西省西安市莲湖区',13,3,5,'劳动合同','高中','电子工程','哈尔滨理工大学','2018-01-01','在职','00000024',3.5,NULL,NULL,'2018-01-01','2021-07-14',NULL,0), 	 ('姚森3','男','1991-02-05','610122199001011538','已婚',1,'河南',3,'yaosen@qq.com','14785559936','河南洛阳人民大道58号',13,6,5,'劳动合同','初中','室内装修设计','西北大学','2017-01-02','在职','00000025',7.0,NULL,NULL,'2017-01-02','2024-01-17',NULL,0), 	 ('云星3','女','1993-01-05','610122199001011539','已婚',1,'陕西西安',1,'yunxing@qq.com','15644442252','陕西西安新城区',13,7,5,'劳务合同','硕士','通信工程','西安电子科技学校','2018-01-01','在职','00000026',5.25,NULL,NULL,'2018-01-01','2023-04-13',NULL,0), 	 ('贾旭明3','男','1993-11-11','610122199001011540','已婚',1,'广东广州',4,'jiaxuming@qq.com','15644441234','广东省广州市天河区冼村路',5,6,4,'劳务合同','初中','通信工程','西北大学','2018-01-01','在职','00000027',5.25,NULL,NULL,'2018-01-01','2023-04-13',NULL,0), 	 ('张黎明3','男','1991-02-01','610122199001011541','已婚',1,'广东',6,'zhangliming@qq.com','18979994478','广东珠海',12,6,4,'劳动合同','高中','考古','清华大学','2018-01-01','在职','00000028',7.0,NULL,NULL,'2018-01-01','2025-01-30',NULL,0), 	 ('薛磊3','男','1992-07-01','610122199001011542','已婚',1,'陕西西安',13,'xuelei@qq.com','15648887741','西安市雁塔区',13,5,5,'劳动合同','初中','无','华胥中学','2018-01-01','在职','00000029',6.0,NULL,NULL,'2018-01-01','2024-01-17',NULL,0), 	 ('江南一点雨4','男','1990-01-01','610122199001011543','已婚',1,'陕西',13,'laowang@qq.com','18565558897','深圳市南山区',4,1,1,'劳动合同','本科','信息管理与信息系统','深圳大学','2018-01-01','在职','00000031',1.0,NULL,NULL,'2018-01-01','2019-01-01',NULL,0), 	 ('陈静4','女','1989-02-01','610122199001011544','已婚',1,'海南',1,'chenjing@qq.com','18795556693','海南省海口市美兰区',7,3,2,'劳动合同','高中','市场营销','武汉大学','2015-06-09','在职','00000032',3.0,NULL,NULL,'2015-06-09','2018-06-08',NULL,0), 	 ('赵琳浩4','男','1993-03-04','610122199001011545','未婚',1,'陕西',3,'zhao@qq.com','15698887795','陕西省西安市莲湖区',12,3,4,'劳动合同','博士','电子工程','哈尔滨理工大学','2018-01-01','在职','00000033',3.5,NULL,NULL,'2018-01-01','2021-07-14',NULL,0), 	 ('鹿存亮4','男','1990-01-03','610122199001011546','已婚',1,'陕西',3,'zhao@qq.com','15612347795','陕西省西安市莲湖区',13,3,5,'劳动合同','高中','电子工程','哈尔滨理工大学','2018-01-01','在职','00000034',3.5,NULL,NULL,'2018-01-01','2021-07-14',NULL,0), 	 ('姚森4','男','1991-02-05','610122199001011547','已婚',1,'河南',3,'yaosen@qq.com','14785559936','河南洛阳人民大道58号',13,6,5,'劳动合同','初中','室内装修设计','西北大学','2017-01-02','在职','00000035',7.0,NULL,NULL,'2017-01-02','2024-01-17',NULL,0), 	 ('云星4','女','1993-01-05','610122199001011548','已婚',1,'陕西西安',1,'yunxing@qq.com','15644442252','陕西西安新城区',13,7,5,'劳务合同','硕士','通信工程','西安电子科技学校','2018-01-01','在职','00000036',5.25,NULL,NULL,'2018-01-01','2023-04-13',NULL,0), 	 ('贾旭明4','男','1993-11-11','610122199001011549','已婚',1,'广东广州',4,'jiaxuming@qq.com','15644441234','广东省广州市天河区冼村路',5,6,4,'劳务合同','初中','通信工程','西北大学','2018-01-01','在职','00000037',5.25,NULL,NULL,'2018-01-01','2023-04-13',NULL,0), 	 ('谢工','女','1970-01-01','610122199001011550','离异',1,'江苏',1,'584991843@qq.com','18558887788','北京',12,3,1,'劳动合同','本科','计算机软件','南华大学','2018-01-01','在职','00000038',5.0,'2019-01-01',NULL,'2018-01-01','2023-01-01',NULL,0), 	 ('林昭亮','男','1990-01-01','610122199001011551','已婚',1,'广东',13,'584991843@qq.com','16767776654','广东深圳',12,6,4,'劳动合同','大专','计算机软件','广东职业技术学院','2018-01-01','在职','00000039',5.0,'2018-04-01',NULL,'2018-01-01','2023-01-01',NULL,0), 	 ('11','男','2018-01-01','610122199001011552','已婚',1,'1',1,'584991843@qq.com','111','1',11,1,1,'劳动合同','本科','1','1','2018-01-01','在职','00000040',4.0,'2018-04-01',NULL,'2018-01-01','2022-01-26',NULL,0), 	 ('1','男','2018-01-01','610122199001011553','已婚',1,'1',1,'584991843@qq.com','1','1',11,1,1,'劳动合同','大专','1','1','2018-01-31','在职','00000041',1.0,'2018-01-31',NULL,'2018-01-31','2019-01-31',NULL,0), 	 ('1','男','2018-01-01','610122199001011554','已婚',1,'1',1,'584991843@qq.com','1','1',5,1,1,'劳动合同','大专','1','1','2018-01-31','在职','00000042',1.0,'2018-01-31',NULL,'2018-01-31','2019-01-31',NULL,0), 	 ('1','男','2018-01-01','610122199001011555','已婚',1,'1',1,'584991843@qq.com','1','1',6,1,1,'劳动合同','大专','1','1','2018-01-31','在职','00000043',0.0,'2018-01-31',NULL,'2018-01-31','2018-01-31',NULL,0), 	 ('1','男','2018-01-01','610122199001011556','已婚',1,'1',1,'584991843@qq.com','1','1',10,1,1,'劳动合同','大专','1','1','2018-01-01','在职','00000044',0.0,'2018-01-01',NULL,'2018-01-01','2018-01-31',NULL,0), 	 ('1','男','2018-01-01','610122199001011557','已婚',1,'1',1,'584991843@qq.com','1','1',5,1,1,'劳动合同','大专','1','1','2018-01-01','在职','00000045',0.0,'2018-01-01',NULL,'2018-01-01','2018-01-31',NULL,0), 	 ('林伯渠','男','2018-01-01','610122199001011558','未婚',1,'1',1,'584991843@qq.com','1','1',4,1,1,'劳动合同','大专','1','1','2018-01-31','在职','00000046',0.0,'2018-01-31',NULL,'2018-01-31','2018-01-31',NULL,0), 	 ('1','男','2018-01-01','610122199001011559','已婚',1,'1',1,'584991843@qq.com','1','1',4,1,1,'劳动合同','大专','1','1','2018-01-31','在职','00000047',0.0,'2018-01-31',NULL,'2018-01-31','2018-01-31',NULL,0), 	 ('江南一点雨','男','1990-01-01','610122199001011560','已婚',1,'陕西',13,'laowang@qq.com','18565558897','深圳市南山区',3,1,1,'劳务合同','本科','信息管理与信息系统','深圳大学','2018-01-01','在职','00000001',2.0,NULL,NULL,'2018-01-01','2020-01-01',NULL,0), 	 ('陈静','女','1989-02-01','610122199001011561','已婚',1,'海南',1,'chenjing@qq.com','18795556693','海南省海口市美兰区',4,3,2,'劳动合同','高中','市场营销','武汉大学','2015-06-09','在职','00000002',3.0,NULL,NULL,'2015-06-09','2018-06-08',NULL,0), 	 ('赵琳浩','男','1993-03-04','610122199001011562','未婚',1,'陕西',3,'zhao@qq.com','15698887795','陕西省西安市莲湖区',12,3,4,'劳动合同','博士','电子工程','哈尔滨理工大学','2018-01-01','在职','00000003',3.5,NULL,NULL,'2018-01-01','2021-07-14',NULL,0), 	 ('鹿存亮','男','1990-01-03','610122199001011563','已婚',1,'陕西',3,'zhao@qq.com','15612347795','陕西省西安市莲湖区',13,3,5,'劳动合同','高中','电子工程','哈尔滨理工大学','2018-01-01','在职','00000004',3.5,NULL,NULL,'2018-01-01','2021-07-14',NULL,0), 	 ('姚森','男','1991-02-05','610122199001011564','已婚',1,'河南',3,'yaosen@qq.com','14785559936','河南洛阳人民大道58号',13,6,5,'劳动合同','硕士','室内装修设计','西北大学','2017-01-02','在职','00000005',7.0,NULL,NULL,'2017-01-02','2024-01-17',NULL,0), 	 ('云星','女','1993-01-05','610122199001011565','已婚',1,'陕西西安',1,'yunxing@qq.com','15644442252','陕西西安新城区',13,7,5,'劳务合同','硕士','通信工程','西安电子科技学校','2018-01-01','在职','00000006',5.25,NULL,NULL,'2018-01-01','2023-04-13',NULL,0), 	 ('贾旭明','男','1993-11-11','610122199001011566','已婚',1,'广东广州',4,'jiaxuming@qq.com','15644441234','广东省广州市天河区冼村路',5,6,4,'劳务合同','初中','通信工程','西北大学','2018-01-01','在职','00000007',5.25,NULL,NULL,'2018-01-01','2023-04-13',NULL,0), 	 ('张黎明','男','1991-02-01','610122199001011567','已婚',1,'广东',6,'zhangliming@qq.com','18979994478','广东珠海',12,6,4,'劳动合同','高中','考古','清华大学','2018-01-01','在职','00000008',7.0,NULL,NULL,'2018-01-01','2025-01-30',NULL,0), 	 ('薛磊','男','1992-07-01','610122199001011568','已婚',1,'陕西西安',13,'xuelei@qq.com','15648887741','西安市雁塔区',13,5,5,'劳动合同','初中','无','华胥中学','2018-01-01','在职','00000009',6.0,NULL,NULL,'2018-01-01','2024-01-17',NULL,0), 	 ('张洁','女','1990-10-09','610122199001011569','未婚',1,'海南',5,'zhangjie@qq.com','13695557742','海口市美兰区',13,7,5,'劳动合同','高中','无','海南侨中','2018-01-01','在职','00000010',1.0,NULL,NULL,'2018-01-01','2019-01-01',NULL,0), 	 ('江南一点雨2','男','1990-01-01','610122199001011570','已婚',1,'陕西',13,'laowang@qq.com','18565558897','深圳市南山区',12,1,1,'劳动合同','本科','信息管理与信息系统','深圳大学','2018-01-01','在职','00000011',1.0,NULL,NULL,'2018-01-01','2019-01-01',NULL,0), 	 ('陈静2','女','1989-02-01','610122199001011571','已婚',1,'海南',1,'chenjing@qq.com','18795556693','海南省海口市美兰区',7,3,2,'劳动合同','高中','市场营销','武汉大学','2015-06-09','在职','00000012',3.0,NULL,NULL,'2015-06-09','2018-06-08',NULL,0), 	 ('赵琳浩2','男','1993-03-04','610122199001011572','未婚',1,'陕西',3,'zhao@qq.com','15698887795','陕西省西安市莲湖区',12,3,4,'劳动合同','博士','电子工程','哈尔滨理工大学','2018-01-01','在职','00000013',3.5,NULL,NULL,'2018-01-01','2021-07-14',NULL,0), 	 ('鹿存亮2','男','1990-01-03','610122199001011573','已婚',1,'陕西',3,'zhao@qq.com','15612347795','陕西省西安市莲湖区',13,3,5,'劳动合同','高中','电子工程','哈尔滨理工大学','2018-01-01','在职','00000014',3.5,NULL,NULL,'2018-01-01','2021-07-14',NULL,0), 	 ('姚森2','男','1991-02-05','610122199001011574','已婚',1,'河南',3,'yaosen@qq.com','14785559936','河南洛阳人民大道58号',13,6,5,'劳动合同','初中','室内装修设计','西北大学','2017-01-02','在职','00000015',7.0,NULL,NULL,'2017-01-02','2024-01-17',NULL,0), 	 ('云星2','女','1993-01-05','610122199001011575','已婚',1,'陕西西安',1,'yunxing@qq.com','15644442252','陕西西安新城区',13,7,5,'劳务合同','硕士','通信工程','西安电子科技学校','2018-01-01','在职','00000016',5.25,NULL,NULL,'2018-01-01','2023-04-13',NULL,0), 	 ('贾旭明2','男','1993-11-11','610122199001011576','已婚',1,'广东广州',4,'jiaxuming@qq.com','15644441234','广东省广州市天河区冼村路',5,6,4,'劳务合同','初中','通信工程','西北大学','2018-01-01','在职','00000017',5.25,NULL,NULL,'2018-01-01','2023-04-13',NULL,0), 	 ('王一亭','男','1991-02-01','610122199001011577','已婚',1,'广东',6,'zhangliming@qq.com','18979994478','广东珠海',12,6,4,'劳动合同','高中','考古','清华大学','2018-01-01','在职','00000018',7.0,NULL,NULL,'2018-01-01','2025-01-30',NULL,0), 	 ('薛磊2','男','1992-07-01','610122199001011578','已婚',1,'陕西西安',13,'xuelei@qq.com','15648887741','西安市雁塔区',13,5,5,'劳动合同','初中','无','华胥中学','2018-01-01','在职','00000019',1.0,NULL,NULL,'2018-01-01','2019-01-01',NULL,0), 	 ('张洁2','女','1990-10-09','610122199001011579','未婚',1,'海南',5,'zhangjie@qq.com','13695557742','海口市美兰区',13,7,5,'劳动合同','高中','无','海南侨中','2018-01-01','在职','00000020',1.0,NULL,NULL,'2018-01-01','2019-01-01',NULL,0), 	 ('江南一点雨3','男','1990-01-01','610122199001011580','已婚',1,'陕西',13,'laowang@qq.com','18565558897','深圳市南山区',4,1,1,'劳动合同','本科','信息管理与信息系统','深圳大学','2018-01-01','在职','00000021',1.0,NULL,NULL,'2018-01-01','2019-01-01',NULL,0), 	 ('陈静3','女','1989-02-01','610122199001011581','已婚',1,'海南',1,'chenjing@qq.com','18795556693','海南省海口市美兰区',7,3,2,'劳动合同','高中','市场营销','武汉大学','2015-06-09','在职','00000022',3.0,NULL,NULL,'2015-06-09','2018-06-08',NULL,0), 	 ('鹿存亮3','男','1990-01-03','610122199001011582','已婚',1,'陕西',3,'zhao@qq.com','15612347795','陕西省西安市莲湖区',13,3,5,'劳动合同','高中','电子工程','哈尔滨理工大学','2018-01-01','在职','00000024',3.5,NULL,NULL,'2018-01-01','2021-07-14',NULL,0), 	 ('姚森3','男','1991-02-05','610122199001011583','已婚',1,'河南',3,'yaosen@qq.com','14785559936','河南洛阳人民大道58号',13,6,5,'劳动合同','初中','室内装修设计','西北大学','2017-01-02','在职','00000025',7.0,NULL,NULL,'2017-01-02','2024-01-17',NULL,0), 	 ('云星3','女','1993-01-05','610122199001011584','已婚',1,'陕西西安',1,'yunxing@qq.com','15644442252','陕西西安新城区',13,7,5,'劳务合同','硕士','通信工程','西安电子科技学校','2018-01-01','在职','00000026',5.25,NULL,NULL,'2018-01-01','2023-04-13',NULL,0), 	 ('贾旭明3','男','1993-11-11','610122199001011585','已婚',1,'广东广州',4,'jiaxuming@qq.com','15644441234','广东省广州市天河区冼村路',5,6,4,'劳务合同','初中','通信工程','西北大学','2018-01-01','在职','00000027',5.25,NULL,NULL,'2018-01-01','2023-04-13',NULL,0), 	 ('张黎明3','男','1991-02-01','610122199001011586','已婚',1,'广东',6,'zhangliming@qq.com','18979994478','广东珠海',12,6,4,'劳动合同','高中','考古','清华大学','2018-01-01','在职','00000028',7.0,NULL,NULL,'2018-01-01','2025-01-30',NULL,0), 	 ('薛磊3','男','1992-07-01','610122199001011587','已婚',1,'陕西西安',13,'xuelei@qq.com','15648887741','西安市雁塔区',13,5,5,'劳动合同','初中','无','华胥中学','2018-01-01','在职','00000029',6.0,NULL,NULL,'2018-01-01','2024-01-17',NULL,0), 	 ('江南一点雨4','男','1990-01-01','610122199001011588','已婚',1,'陕西',13,'laowang@qq.com','18565558897','深圳市南山区',4,1,1,'劳动合同','本科','信息管理与信息系统','深圳大学','2018-01-01','在职','00000031',1.0,NULL,NULL,'2018-01-01','2019-01-01',NULL,0), 	 ('陈静4','女','1989-02-01','610122199001011589','已婚',1,'海南',1,'chenjing@qq.com','18795556693','海南省海口市美兰区',7,3,2,'劳动合同','高中','市场营销','武汉大学','2015-06-09','在职','00000032',3.0,NULL,NULL,'2015-06-09','2018-06-08',NULL,0), 	 ('赵琳浩4','男','1993-03-04','610122199001011590','未婚',1,'陕西',3,'zhao@qq.com','15698887795','陕西省西安市莲湖区',12,3,4,'劳动合同','博士','电子工程','哈尔滨理工大学','2018-01-01','在职','00000033',3.5,NULL,NULL,'2018-01-01','2021-07-14',NULL,0), 	 ('鹿存亮4','男','1990-01-03','610122199001011591','已婚',1,'陕西',3,'zhao@qq.com','15612347795','陕西省西安市莲湖区',13,3,5,'劳动合同','高中','电子工程','哈尔滨理工大学','2018-01-01','在职','00000034',3.5,NULL,NULL,'2018-01-01','2021-07-14',NULL,0), 	 ('姚森4','男','1991-02-05','610122199001011592','已婚',1,'河南',3,'yaosen@qq.com','14785559936','河南洛阳人民大道58号',13,6,5,'劳动合同','初中','室内装修设计','西北大学','2017-01-02','在职','00000035',7.0,NULL,NULL,'2017-01-02','2024-01-17',NULL,0), 	 ('云星4','女','1993-01-05','610122199001011593','已婚',1,'陕西西安',1,'yunxing@qq.com','15644442252','陕西西安新城区',13,7,5,'劳务合同','硕士','通信工程','西安电子科技学校','2018-01-01','在职','00000036',5.25,NULL,NULL,'2018-01-01','2023-04-13',NULL,0), 	 ('贾旭明4','男','1993-11-11','610122199001011594','已婚',1,'广东广州',4,'jiaxuming@qq.com','15644441234','广东省广州市天河区冼村路',5,6,4,'劳务合同','初中','通信工程','西北大学','2018-01-01','在职','00000037',5.25,NULL,NULL,'2018-01-01','2023-04-13',NULL,0), 	 ('张黎明2','男','1991-02-01','610122199001011595','已婚',1,'广东',6,'zhangliming@qq.com','18979994478','广东珠海',12,6,4,'劳动合同','高中','考古','清华大学','2018-01-01','在职','00000038',7.0,NULL,NULL,'2018-01-01','2025-01-30',NULL,0), 	 ('薛磊4','男','1992-07-01','610122199001011596','已婚',1,'陕西西安',13,'xuelei@qq.com','15648887741','西安市雁塔区',13,5,5,'劳动合同','初中','无','华胥中学','2018-01-01','在职','00000039',6.0,NULL,NULL,'2018-01-01','2024-01-17',NULL,0), 	 ('张洁4','女','1990-10-09','610122199001011597','未婚',1,'海南',5,'zhangjie@qq.com','13695557742','海口市美兰区',13,7,5,'劳动合同','高中','无','海南侨中','2018-01-01','在职','00000040',1.0,NULL,NULL,'2018-01-01','2019-01-01',NULL,0), 	 ('江南一点雨5','男','1990-01-01','610122199001011598','已婚',1,'陕西',13,'laowang@qq.com','18565558897','深圳市南山区',4,1,1,'劳动合同','本科','信息管理与信息系统','深圳大学','2018-01-01','在职','00000041',1.0,NULL,NULL,'2018-01-01','2019-01-01',NULL,0), 	 ('陈静5','女','1989-02-01','610122199001011599','已婚',1,'海南',1,'chenjing@qq.com','18795556693','海南省海口市美兰区',7,3,2,'劳动合同','高中','市场营销','武汉大学','2015-06-09','在职','00000042',3.0,NULL,NULL,'2015-06-09','2018-06-08',NULL,0), 	 ('赵琳浩5','男','1993-03-04','610122199001011600','未婚',1,'陕西',3,'zhao@qq.com','15698887795','陕西省西安市莲湖区',12,3,4,'劳动合同','博士','电子工程','哈尔滨理工大学','2018-01-01','在职','00000043',3.5,NULL,NULL,'2018-01-01','2021-07-14',NULL,0), 	 ('鹿存亮5','男','1990-01-03','610122199001011601','已婚',1,'陕西',3,'zhao@qq.com','15612347795','陕西省西安市莲湖区',13,3,5,'劳动合同','高中','电子工程','哈尔滨理工大学','2018-01-01','在职','00000044',3.5,NULL,NULL,'2018-01-01','2021-07-14',NULL,0), 	 ('姚森5','男','1991-02-05','610122199001011602','已婚',1,'河南',3,'yaosen@qq.com','14785559936','河南洛阳人民大道58号',13,6,5,'劳动合同','初中','室内装修设计','西北大学','2017-01-02','在职','00000045',7.0,NULL,NULL,'2017-01-02','2024-01-17',NULL,0), 	 ('云星5','女','1993-01-05','610122199001011603','已婚',1,'陕西西安',1,'yunxing@qq.com','15644442252','陕西西安新城区',13,7,5,'劳务合同','硕士','通信工程','西安电子科技学校','2018-01-01','在职','00000046',5.25,NULL,NULL,'2018-01-01','2023-04-13',NULL,0), 	 ('贾旭明5','男','1993-11-11','610122199001011604','已婚',1,'广东广州',4,'jiaxuming@qq.com','15644441234','广东省广州市天河区冼村路',5,6,4,'劳务合同','初中','通信工程','西北大学','2018-01-01','在职','00000047',5.25,NULL,NULL,'2018-01-01','2023-04-13',NULL,0), 	 ('张黎明5','男','1991-02-01','610122199001011605','已婚',1,'广东',6,'zhangliming@qq.com','18979994478','广东珠海',12,6,4,'劳动合同','高中','考古','清华大学','2018-01-01','在职','00000048',7.0,NULL,NULL,'2018-01-01','2025-01-30',NULL,0), 	 ('薛磊5','男','1992-07-01','610122199001011606','已婚',1,'陕西西安',13,'xuelei@qq.com','15648887741','西安市雁塔区',13,5,5,'劳动合同','初中','无','华胥中学','2018-01-01','在职','00000049',6.0,NULL,NULL,'2018-01-01','2024-01-17',NULL,0), 	 ('张洁5','女','1990-10-09','610122199001011607','未婚',1,'海南',5,'zhangjie@qq.com','13695557742','海口市美兰区',13,7,5,'劳动合同','高中','无','海南侨中','2018-01-01','在职','00000050',1.0,NULL,NULL,'2018-01-01','2019-01-01',NULL,0), 	 ('江南一点雨6','男','1990-01-01','610122199001011608','已婚',1,'陕西',13,'laowang@qq.com','18565558897','深圳市南山区',4,1,1,'劳动合同','本科','信息管理与信息系统','深圳大学','2018-01-01','在职','00000051',1.0,NULL,NULL,'2018-01-01','2019-01-01',NULL,0), 	 ('陈静6','女','1989-02-01','610122199001011609','已婚',1,'海南',1,'chenjing@qq.com','18795556693','海南省海口市美兰区',7,3,2,'劳动合同','高中','市场营销','武汉大学','2015-06-09','在职','00000052',3.0,NULL,NULL,'2015-06-09','2018-06-08',NULL,0), 	 ('赵琳浩6','男','1993-03-04','610122199001011610','未婚',1,'陕西',3,'zhao@qq.com','15698887795','陕西省西安市莲湖区',12,3,4,'劳动合同','博士','电子工程','哈尔滨理工大学','2018-01-01','在职','00000053',3.5,NULL,NULL,'2018-01-01','2021-07-14',NULL,0), 	 ('鹿存亮6','男','1990-01-03','610122199001011611','已婚',1,'陕西',3,'zhao@qq.com','15612347795','陕西省西安市莲湖区',13,3,5,'劳动合同','高中','电子工程','哈尔滨理工大学','2018-01-01','在职','00000054',3.5,NULL,NULL,'2018-01-01','2021-07-14',NULL,0), 	 ('姚森6','男','1991-02-05','610122199001011612','已婚',1,'河南',3,'yaosen@qq.com','14785559936','河南洛阳人民大道58号',13,6,5,'劳动合同','初中','室内装修设计','西北大学','2017-01-02','在职','00000055',7.0,NULL,NULL,'2017-01-02','2024-01-17',NULL,0), 	 ('云星6','女','1993-01-05','610122199001011613','已婚',1,'陕西西安',1,'yunxing@qq.com','15644442252','陕西西安新城区',13,7,5,'劳务合同','硕士','通信工程','西安电子科技学校','2018-01-01','在职','00000056',5.25,NULL,NULL,'2018-01-01','2023-04-13',NULL,0), 	 ('江南一点雨','男','1990-01-01','610122199001011614','已婚',1,'陕西',13,'laowang@qq.com','18565558897','深圳市南山区',4,1,1,'劳动合同','本科','信息管理与信息系统','深圳大学','2018-01-01','在职','00000001',1.0,NULL,NULL,'2018-01-01','2019-01-01',NULL,0), 	 ('陈静','女','1989-02-01','610122199001011615','已婚',1,'海南',1,'chenjing@qq.com','18795556693','海南省海口市美兰区',7,3,2,'劳动合同','高中','市场营销','武汉大学','2015-06-09','在职','00000002',3.0,NULL,NULL,'2015-06-09','2018-06-08',NULL,0), 	 ('赵琳浩','男','1993-03-04','610122199001011616','未婚',1,'陕西',3,'zhao@qq.com','15698887795','陕西省西安市莲湖区',12,3,4,'劳动合同','博士','电子工程','哈尔滨理工大学','2018-01-01','在职','00000003',3.5,NULL,NULL,'2018-01-01','2021-07-14',NULL,0), 	 ('鹿存亮','男','1990-01-03','610122199001011617','已婚',1,'陕西',3,'zhao@qq.com','15612347795','陕西省西安市莲湖区',13,3,5,'劳动合同','高中','电子工程','哈尔滨理工大学','2018-01-01','在职','00000004',3.5,NULL,NULL,'2018-01-01','2021-07-14',NULL,0), 	 ('姚森','男','1991-02-05','610122199001011618','已婚',1,'河南',3,'yaosen@qq.com','14785559936','河南洛阳人民大道58号',13,6,5,'劳动合同','初中','室内装修设计','西北大学','2017-01-02','在职','00000005',7.0,NULL,NULL,'2017-01-02','2024-01-17',NULL,0), 	 ('贾旭明','男','1993-11-11','610122199001011619','已婚',1,'广东广州',4,'jiaxuming@qq.com','15644441234','广东省广州市天河区冼村路',5,6,4,'劳务合同','初中','通信工程','西北大学','2018-01-01','在职','00000007',5.25,NULL,NULL,'2018-01-01','2023-04-13',NULL,0), 	 ('张黎明','男','1991-02-01','610122199001011620','已婚',1,'广东',6,'zhangliming@qq.com','18979994478','广东珠海',12,6,4,'劳动合同','高中','考古','清华大学','2018-01-01','在职','00000008',7.0,NULL,NULL,'2018-01-01','2025-01-30',NULL,0), 	 ('薛磊','男','1992-07-01','610122199001011621','已婚',1,'陕西西安',13,'xuelei@qq.com','15648887741','西安市雁塔区',13,5,5,'劳动合同','初中','无','华胥中学','2018-01-01','在职','00000009',6.0,NULL,NULL,'2018-01-01','2024-01-17',NULL,0), 	 ('张洁','女','1990-10-09','610122199001011622','未婚',1,'海南',5,'zhangjie@qq.com','13695557742','海口市美兰区',13,7,5,'劳动合同','高中','无','海南侨中','2018-01-01','在职','00000010',1.0,NULL,NULL,'2018-01-01','2019-01-01',NULL,0), 	 ('江南一点雨2','男','1990-01-01','610122199001011623','已婚',1,'陕西',13,'laowang@qq.com','18565558897','深圳市南山区',4,1,1,'劳动合同','本科','信息管理与信息系统','深圳大学','2018-01-01','在职','00000011',1.0,NULL,NULL,'2018-01-01','2019-01-01',NULL,0), 	 ('陈静2','女','1989-02-01','610122199001011624','已婚',1,'海南',1,'chenjing@qq.com','18795556693','海南省海口市美兰区',7,3,2,'劳动合同','高中','市场营销','武汉大学','2015-06-09','在职','00000012',3.0,NULL,NULL,'2015-06-09','2018-06-08',NULL,0), 	 ('赵琳浩2','男','1993-03-04','610122199001011625','未婚',1,'陕西',3,'zhao@qq.com','15698887795','陕西省西安市莲湖区',12,3,4,'劳动合同','博士','电子工程','哈尔滨理工大学','2018-01-01','在职','00000013',3.5,NULL,NULL,'2018-01-01','2021-07-14',NULL,0), 	 ('鹿存亮2','男','1990-01-03','610122199001011626','已婚',1,'陕西',3,'zhao@qq.com','15612347795','陕西省西安市莲湖区',13,3,5,'劳动合同','高中','电子工程','哈尔滨理工大学','2018-01-01','在职','00000014',3.5,NULL,NULL,'2018-01-01','2021-07-14',NULL,0), 	 ('姚森2','男','1991-02-05','610122199001011627','已婚',1,'河南',3,'yaosen@qq.com','14785559936','河南洛阳人民大道58号',13,6,5,'劳动合同','初中','室内装修设计','西北大学','2017-01-02','在职','00000015',7.0,NULL,NULL,'2017-01-02','2024-01-17',NULL,0), 	 ('云星2','女','1993-01-05','610122199001011628','已婚',1,'陕西西安',1,'yunxing@qq.com','15644442252','陕西西安新城区',13,7,5,'劳务合同','硕士','通信工程','西安电子科技学校','2018-01-01','在职','00000016',5.25,NULL,NULL,'2018-01-01','2023-04-13',NULL,0), 	 ('贾旭明2','男','1993-11-11','610122199001011629','已婚',1,'广东广州',4,'jiaxuming@qq.com','15644441234','广东省广州市天河区冼村路',5,6,4,'劳务合同','初中','通信工程','西北大学','2018-01-01','在职','00000017',5.25,NULL,NULL,'2018-01-01','2023-04-13',NULL,0), 	 ('王一亭','男','1991-02-01','610122199001011630','已婚',1,'广东',6,'zhangliming@qq.com','18979994478','广东珠海',12,6,4,'劳动合同','高中','考古','清华大学','2018-01-01','在职','00000018',7.0,NULL,NULL,'2018-01-01','2025-01-30',NULL,0), 	 ('薛磊2','男','1992-07-01','610122199001011631','已婚',1,'陕西西安',13,'xuelei@qq.com','15648887741','西安市雁塔区',13,5,5,'劳动合同','初中','无','华胥中学','2018-01-01','在职','00000019',1.0,NULL,NULL,'2018-01-01','2019-01-01',NULL,0), 	 ('张洁2','女','1990-10-09','610122199001011632','未婚',1,'海南',5,'zhangjie@qq.com','13695557742','海口市美兰区',13,7,5,'劳动合同','高中','无','海南侨中','2018-01-01','在职','00000020',1.0,NULL,NULL,'2018-01-01','2019-01-01',NULL,0), 	 ('江南一点雨3','男','1990-01-01','610122199001011633','已婚',1,'陕西',13,'laowang@qq.com','18565558897','深圳市南山区',4,1,1,'劳动合同','本科','信息管理与信息系统','深圳大学','2018-01-01','在职','00000021',1.0,NULL,NULL,'2018-01-01','2019-01-01',NULL,0), 	 ('陈静3','女','1989-02-01','610122199001011634','已婚',1,'海南',1,'chenjing@qq.com','18795556693','海南省海口市美兰区',7,3,2,'劳动合同','高中','市场营销','武汉大学','2015-06-09','在职','00000022',3.0,NULL,NULL,'2015-06-09','2018-06-08',NULL,0), 	 ('鹿存亮3','男','1990-01-03','610122199001011635','已婚',1,'陕西',3,'zhao@qq.com','15612347795','陕西省西安市莲湖区',13,3,5,'劳动合同','高中','电子工程','哈尔滨理工大学','2018-01-01','在职','00000024',3.5,NULL,NULL,'2018-01-01','2021-07-14',NULL,0), 	 ('姚森3','男','1991-02-05','610122199001011636','已婚',1,'河南',3,'yaosen@qq.com','14785559936','河南洛阳人民大道58号',13,6,5,'劳动合同','初中','室内装修设计','西北大学','2017-01-02','在职','00000025',7.0,NULL,NULL,'2017-01-02','2024-01-17',NULL,0), 	 ('云星3','女','1993-01-05','610122199001011637','已婚',1,'陕西西安',1,'yunxing@qq.com','15644442252','陕西西安新城区',13,7,5,'劳务合同','硕士','通信工程','西安电子科技学校','2018-01-01','在职','00000026',5.25,NULL,NULL,'2018-01-01','2023-04-13',NULL,0), 	 ('贾旭明3','男','1993-11-11','610122199001011638','已婚',1,'广东广州',4,'jiaxuming@qq.com','15644441234','广东省广州市天河区冼村路',5,6,4,'劳务合同','初中','通信工程','西北大学','2018-01-01','在职','00000027',5.25,NULL,NULL,'2018-01-01','2023-04-13',NULL,0), 	 ('张黎明3','男','1991-02-01','610122199001011639','已婚',1,'广东',6,'zhangliming@qq.com','18979994478','广东珠海',12,6,4,'劳动合同','高中','考古','清华大学','2018-01-01','在职','00000028',7.0,NULL,NULL,'2018-01-01','2025-01-30',NULL,0), 	 ('薛磊3','男','1992-07-01','610122199001011640','已婚',1,'陕西西安',13,'xuelei@qq.com','15648887741','西安市雁塔区',13,5,5,'劳动合同','初中','无','华胥中学','2018-01-01','在职','00000029',6.0,NULL,NULL,'2018-01-01','2024-01-17',NULL,0), 	 ('江南一点雨4','男','1990-01-01','610122199001011641','已婚',1,'陕西',13,'laowang@qq.com','18565558897','深圳市南山区',4,1,1,'劳动合同','本科','信息管理与信息系统','深圳大学','2018-01-01','在职','00000031',1.0,NULL,NULL,'2018-01-01','2019-01-01',NULL,0), 	 ('陈静4','女','1989-02-01','610122199001011642','已婚',1,'海南',1,'chenjing@qq.com','18795556693','海南省海口市美兰区',7,3,2,'劳动合同','高中','市场营销','武汉大学','2015-06-09','在职','00000032',3.0,NULL,NULL,'2015-06-09','2018-06-08',NULL,0), 	 ('赵琳浩4','男','1993-03-04','610122199001011643','未婚',1,'陕西',3,'zhao@qq.com','15698887795','陕西省西安市莲湖区',12,3,4,'劳动合同','博士','电子工程','哈尔滨理工大学','2018-01-01','在职','00000033',3.5,NULL,NULL,'2018-01-01','2021-07-14',NULL,0), 	 ('鹿存亮4','男','1990-01-03','610122199001011644','已婚',1,'陕西',3,'zhao@qq.com','15612347795','陕西省西安市莲湖区',13,3,5,'劳动合同','高中','电子工程','哈尔滨理工大学','2018-01-01','在职','00000034',3.5,NULL,NULL,'2018-01-01','2021-07-14',NULL,0), 	 ('姚森4','男','1991-02-05','610122199001011645','已婚',1,'河南',3,'yaosen@qq.com','14785559936','河南洛阳人民大道58号',13,6,5,'劳动合同','初中','室内装修设计','西北大学','2017-01-02','在职','00000035',7.0,NULL,NULL,'2017-01-02','2024-01-17',NULL,0), 	 ('云星4','女','1993-01-05','610122199001011646','已婚',1,'陕西西安',1,'yunxing@qq.com','15644442252','陕西西安新城区',13,7,5,'劳务合同','硕士','通信工程','西安电子科技学校','2018-01-01','在职','00000036',5.25,NULL,NULL,'2018-01-01','2023-04-13',NULL,0), 	 ('贾旭明4','男','1993-11-11','610122199001011647','已婚',1,'广东广州',4,'jiaxuming@qq.com','15644441234','广东省广州市天河区冼村路',5,6,4,'劳务合同','初中','通信工程','西北大学','2018-01-01','在职','00000037',5.25,NULL,NULL,'2018-01-01','2023-04-13',NULL,0), 	 ('谢工','女','1970-01-01','610122199001011648','离异',1,'江苏',1,'584991843@qq.com','18558887788','北京',12,3,1,'劳动合同','本科','计算机软件','南华大学','2018-01-01','在职','00000038',5.0,NULL,NULL,'2018-01-01','2023-01-01',NULL,0), 	 ('林昭亮','男','1990-01-01','610122199001011649','已婚',1,'广东',13,'584991843@qq.com','16767776654','广东深圳',12,6,4,'劳动合同','大专','计算机软件','广东职业技术学院','2018-01-01','在职','00000039',5.0,NULL,NULL,'2018-01-01','2023-01-01',NULL,0), 	 ('11','男','2018-01-01','610122199001011650','已婚',1,'1',1,'584991843@qq.com','111','1',11,1,1,'劳动合同','本科','1','1','2018-01-01','在职','00000040',4.0,NULL,NULL,'2018-01-01','2022-01-26',NULL,0), 	 ('1','男','2018-01-01','610122199001011651','已婚',1,'1',1,'584991843@qq.com','1','1',11,1,1,'劳动合同','大专','1','1','2018-01-31','在职','00000041',1.0,NULL,NULL,'2018-01-31','2019-01-31',NULL,0), 	 ('1','男','2018-01-01','610122199001011652','已婚',1,'1',1,'584991843@qq.com','1','1',5,1,1,'劳动合同','大专','1','1','2018-01-31','在职','00000042',1.0,NULL,NULL,'2018-01-31','2019-01-31',NULL,0), 	 ('1','男','2018-01-01','610122199001011653','已婚',1,'1',1,'584991843@qq.com','1','1',6,1,1,'劳动合同','大专','1','1','2018-01-31','在职','00000043',0.0,NULL,NULL,'2018-01-31','2018-01-31',NULL,0), 	 ('1','男','2018-01-01','610122199001011654','已婚',1,'1',1,'584991843@qq.com','1','1',10,1,1,'劳动合同','大专','1','1','2018-01-01','在职','00000044',0.0,NULL,NULL,'2018-01-01','2018-01-31',NULL,0), 	 ('1','男','2018-01-01','610122199001011655','已婚',1,'1',1,'584991843@qq.com','1','1',5,1,1,'劳动合同','大专','1','1','2018-01-01','在职','00000045',0.0,NULL,NULL,'2018-01-01','2018-01-31',NULL,0), 	 ('林伯渠','男','2018-01-01','610122199001011656','未婚',1,'1',1,'584991843@qq.com','1','1',4,1,1,'劳动合同','大专','1','1','2018-01-31','在职','00000046',0.0,NULL,NULL,'2018-01-31','2018-01-31',NULL,0), 	 ('1','男','2018-01-01','610122199001011657','已婚',1,'1',1,'584991843@qq.com','1','1',4,1,1,'劳动合同','大专','1','1','2018-01-31','在职','00000047',0.0,NULL,NULL,'2018-01-31','2018-01-31',NULL,0), 	 ('javaboy','男','1989-12-31','610122199001011658','已婚',1,'陕西',13,'laowang@qq.com','18565558897','深圳市南山区',3,1,1,'劳务合同','本科','信息管理与信息系统','深圳大学','2017-12-31','在职','00000057',2.0,'2018-03-31',NULL,'2017-12-31','2019-12-31',NULL,0), 	 ('javaboy','男','1989-12-31','610122199001011659','已婚',1,'陕西',13,'laowang@qq.com','18565558897','深圳市南山区',14,1,1,'劳务合同','本科','信息管理与信息系统','深圳大学','2019-11-05','在职','00000058',2.0,'2018-03-31',NULL,'2017-12-31','2019-12-31',NULL,0), 	 ('javaboy','男','1989-12-31','610122199001011660','已婚',1,'',13,'laowang@qq.com','18565558897','深圳市南山区',14,1,1,'劳务合同','本科','信息管理与信息系统','深圳大学','2019-11-05','在职','00000059',2.0,'2018-03-31',NULL,'2017-12-31','2019-12-31',NULL,0), 	 ('javaboy','男','1989-12-31','610122199001011661','已婚',1,'陕西',13,'laowan@123.com','18565558897','深圳市南山区',3,1,1,'劳务合同','本科','信息管理与信息系统','深圳大学','2017-12-31','在职','00000060',2.0,'2018-03-31',NULL,'2017-12-31','2019-12-31',NULL,0), 	 ('javaboy','男','1989-12-31','610122199001011662','已婚',1,'陕西',13,'laowan@123.com','18565558897','深圳市南山区',3,1,1,'劳务合同','本科','信息管理与信息系统','深圳大学','2017-12-31','在职','00000060',2.0,'2018-03-31',NULL,'2017-12-31','2019-12-31',NULL,0), 	 ('javaboy','男','1989-12-31','610122199001011663','已婚',1,'陕西',13,'laowang@qq.com','18565558897','深圳市南山区',12,1,1,'劳务合同','本科','信息管理与信息系统','深圳大学','2017-12-31','在职','00000061',2.0,'2018-03-31',NULL,'2017-12-31','2019-12-31',NULL,0), 	 ('javaboy','男','1989-12-31','610122199001011664','已婚',1,'陕西',13,'laowang@qq.com','18565558897','深圳市南山区',12,1,1,'劳务合同','本科','信息管理与信息系统','深圳大学','2017-12-31','在职','00000062',6.17,'2018-03-31',NULL,'2017-12-31','2024-02-29',NULL,0), 	 ('javaboy666','男','2019-11-10','610122199001011665','已婚',1,'广东',13,'123@qq.com','12345678901','广东深圳',5,1,1,'劳动合同','本科','信管','深圳大学','2019-11-10','在职','00000063',3.25,'2020-02-10',NULL,'2019-11-10','2023-02-22',NULL,0), 	 ('javaboy666','男','2019-11-10','610122199001011666','已婚',1,'广东',13,'123@qq.com','12345678901','广东深圳',5,1,1,'劳动合同','本科','信管','深圳大学','2019-11-10','在职','00000063',3.25,'2020-02-10',NULL,'2019-11-10','2023-02-22',NULL,0), 	 ('江南一点雨','男','1990-01-01','610122199001011667','已婚',1,'陕西',13,'laowang@qq.com','18565558897','深圳市南山区',3,1,1,'劳务合同','本科','信息管理与信息系统','深圳大学','2018-01-01','在职','00000001',2.0,'2018-04-01',NULL,'2018-01-01','2020-01-01',NULL,0), 	 ('陈静','女','1989-02-01','610122199001011668','已婚',1,'海南',1,'chenjing@qq.com','18795556693','海南省海口市美兰区',12,3,1,'劳动合同','高中','市场营销','武汉大学','2015-06-09','在职','00000002',3.0,'2015-09-10',NULL,'2015-06-09','2018-06-08',NULL,0), 	 ('赵琳浩','男','1993-03-04','610122199001011669','未婚',1,'陕西',3,'zhao@qq.com','15698887795','陕西省西安市莲湖区',12,3,4,'劳动合同','博士','电子工程','哈尔滨理工大学','2018-01-01','在职','00000003',3.5,'2018-04-01',NULL,'2018-01-01','2021-07-14',NULL,0), 	 ('鹿存亮','男','1990-01-03','610122199001011670','已婚',1,'陕西',3,'zhao@qq.com','15612347795','陕西省西安市莲湖区',13,3,5,'劳动合同','高中','电子工程','哈尔滨理工大学','2018-01-01','在职','00000004',3.5,'2018-04-01',NULL,'2018-01-01','2021-07-14',NULL,0), 	 ('姚森','男','1991-02-05','610122199001011671','已婚',1,'河南',3,'yaosen@qq.com','14785559936','河南洛阳人民大道58号',13,6,5,'劳动合同','硕士','室内装修设计','西北大学','2017-01-02','在职','00000005',7.0,'2017-04-02',NULL,'2017-01-02','2024-01-17',NULL,0), 	 ('云星','女','1993-01-05','610122199001011672','已婚',1,'陕西西安',1,'yunxing@qq.com','15644442252','陕西西安新城区',13,7,5,'劳务合同','硕士','通信工程','西安电子科技学校','2018-01-01','在职','00000006',5.25,'2018-04-01',NULL,'2018-01-01','2023-04-13',NULL,0), 	 ('贾旭明','男','1993-11-11','610122199001011673','已婚',1,'广东广州',4,'jiaxuming@qq.com','15644441234','广东省广州市天河区冼村路',5,6,4,'劳务合同','初中','通信工程','西北大学','2018-01-01','在职','00000007',5.25,'2018-04-01',NULL,'2018-01-01','2023-04-13',NULL,0), 	 ('张黎明','男','1991-02-01','610122199001011674','已婚',1,'广东',6,'zhangliming@qq.com','18979994478','广东珠海',12,6,4,'劳动合同','高中','考古','清华大学','2018-01-01','在职','00000008',7.0,'2018-04-01',NULL,'2018-01-01','2025-01-30',NULL,0), 	 ('薛磊','男','1992-07-01','610122199001011675','已婚',1,'陕西西安',13,'xuelei@qq.com','15648887741','西安市雁塔区',13,5,5,'劳动合同','初中','无','华胥中学','2018-01-01','在职','00000009',6.0,'2018-04-01',NULL,'2018-01-01','2024-01-17',NULL,0), 	 ('张洁','女','1990-10-09','610122199001011676','未婚',1,'海南',5,'zhangjie@qq.com','13695557742','海口市美兰区',13,7,5,'劳动合同','高中','无','海南侨中','2018-01-01','在职','00000010',1.0,'2018-01-31',NULL,'2018-01-01','2019-01-01',NULL,0), 	 ('江南一点雨2','男','1990-01-01','610122199001011677','已婚',1,'陕西',13,'laowang@qq.com','18565558897','深圳市南山区',12,1,1,'劳动合同','本科','信息管理与信息系统','深圳大学','2018-01-01','在职','00000011',1.0,'2018-04-01',NULL,'2018-01-01','2019-01-01',NULL,0), 	 ('陈静2','女','1989-02-01','610122199001011678','已婚',1,'海南',1,'chenjing@qq.com','18795556693','海南省海口市美兰区',7,3,2,'劳动合同','高中','市场营销','武汉大学','2015-06-09','在职','00000012',3.0,'2015-09-10',NULL,'2015-06-09','2018-06-08',NULL,0), 	 ('赵琳浩2','男','1993-03-04','610122199001011679','未婚',1,'陕西',3,'zhao@qq.com','15698887795','陕西省西安市莲湖区',12,3,4,'劳动合同','博士','电子工程','哈尔滨理工大学','2018-01-01','在职','00000013',3.5,'2018-04-01',NULL,'2018-01-01','2021-07-14',NULL,0), 	 ('鹿存亮2','男','1990-01-03','610122199001011680','已婚',1,'陕西',3,'zhao@qq.com','15612347795','陕西省西安市莲湖区',13,3,5,'劳动合同','高中','电子工程','哈尔滨理工大学','2018-01-01','在职','00000014',3.5,'2018-04-01',NULL,'2018-01-01','2021-07-14',NULL,0), 	 ('姚森2','男','1991-02-05','610122199001011681','已婚',1,'河南',3,'yaosen@qq.com','14785559936','河南洛阳人民大道58号',13,6,5,'劳动合同','初中','室内装修设计','西北大学','2017-01-02','在职','00000015',7.0,'2017-04-02',NULL,'2017-01-02','2024-01-17',NULL,0), 	 ('云星2','女','1993-01-05','610122199001011682','已婚',1,'陕西西安',1,'yunxing@qq.com','15644442252','陕西西安新城区',13,7,5,'劳务合同','硕士','通信工程','西安电子科技学校','2018-01-01','在职','00000016',5.25,'2018-04-01',NULL,'2018-01-01','2023-04-13',NULL,0), 	 ('贾旭明2','男','1993-11-11','610122199001011683','已婚',1,'广东广州',4,'jiaxuming@qq.com','15644441234','广东省广州市天河区冼村路',5,6,4,'劳务合同','初中','通信工程','西北大学','2018-01-01','在职','00000017',5.25,'2018-04-01',NULL,'2018-01-01','2023-04-13',NULL,0), 	 ('王一亭','男','1991-02-01','610122199001011684','已婚',1,'广东',6,'zhangliming@qq.com','18979994478','广东珠海',12,6,4,'劳动合同','高中','考古','清华大学','2018-01-01','在职','00000018',7.0,'2018-04-01',NULL,'2018-01-01','2025-01-30',NULL,0), 	 ('薛磊2','男','1992-07-01','610122199001011685','已婚',1,'陕西西安',13,'xuelei@qq.com','15648887741','西安市雁塔区',13,5,5,'劳动合同','初中','无','华胥中学','2018-01-01','在职','00000019',1.0,'2018-04-01',NULL,'2018-01-01','2019-01-01',NULL,0), 	 ('张洁2','女','1990-10-09','610122199001011686','未婚',1,'海南',5,'zhangjie@qq.com','13695557742','海口市美兰区',13,7,5,'劳动合同','高中','无','海南侨中','2018-01-01','在职','00000020',1.0,'2018-01-31',NULL,'2018-01-01','2019-01-01',NULL,0), 	 ('江南一点雨3','男','1990-01-01','610122199001011687','已婚',1,'陕西',13,'laowang@qq.com','18565558897','深圳市南山区',4,1,1,'劳动合同','本科','信息管理与信息系统','深圳大学','2018-01-01','在职','00000021',1.0,'2018-04-01',NULL,'2018-01-01','2019-01-01',NULL,0), 	 ('陈静3','女','1989-02-01','610122199001011688','已婚',1,'海南',1,'chenjing@qq.com','18795556693','海南省海口市美兰区',7,3,2,'劳动合同','高中','市场营销','武汉大学','2015-06-09','在职','00000022',3.0,'2015-09-10',NULL,'2015-06-09','2018-06-08',NULL,0), 	 ('鹿存亮3','男','1990-01-03','610122199001011689','已婚',1,'陕西',3,'zhao@qq.com','15612347795','陕西省西安市莲湖区',13,3,5,'劳动合同','高中','电子工程','哈尔滨理工大学','2018-01-01','在职','00000024',3.5,'2018-04-01',NULL,'2018-01-01','2021-07-14',NULL,0), 	 ('姚森3','男','1991-02-05','610122199001011690','已婚',1,'河南',3,'yaosen@qq.com','14785559936','河南洛阳人民大道58号',13,6,5,'劳动合同','初中','室内装修设计','西北大学','2017-01-02','在职','00000025',7.0,'2017-04-02',NULL,'2017-01-02','2024-01-17',NULL,0), 	 ('云星3','女','1993-01-05','610122199001011691','已婚',1,'陕西西安',1,'yunxing@qq.com','15644442252','陕西西安新城区',13,7,5,'劳务合同','硕士','通信工程','西安电子科技学校','2018-01-01','在职','00000026',5.25,'2018-04-01',NULL,'2018-01-01','2023-04-13',NULL,0), 	 ('贾旭明3','男','1993-11-11','610122199001011692','已婚',1,'广东广州',4,'jiaxuming@qq.com','15644441234','广东省广州市天河区冼村路',5,6,4,'劳务合同','初中','通信工程','西北大学','2018-01-01','在职','00000027',5.25,'2018-04-01',NULL,'2018-01-01','2023-04-13',NULL,0), 	 ('张黎明3','男','1991-02-01','610122199001011693','已婚',1,'广东',6,'zhangliming@qq.com','18979994478','广东珠海',12,6,4,'劳动合同','高中','考古','清华大学','2018-01-01','在职','00000028',7.0,'2018-04-01',NULL,'2018-01-01','2025-01-30',NULL,0), 	 ('薛磊3','男','1992-07-01','610122199001011694','已婚',1,'陕西西安',13,'xuelei@qq.com','15648887741','西安市雁塔区',13,5,5,'劳动合同','初中','无','华胥中学','2018-01-01','在职','00000029',6.0,'2018-04-01',NULL,'2018-01-01','2024-01-17',NULL,0), 	 ('江南一点雨4','男','1990-01-01','610122199001011695','已婚',1,'陕西',13,'laowang@qq.com','18565558897','深圳市南山区',4,1,1,'劳动合同','本科','信息管理与信息系统','深圳大学','2018-01-01','在职','00000031',1.0,'2018-04-01',NULL,'2018-01-01','2019-01-01',NULL,0), 	 ('陈静4','女','1989-02-01','610122199001011696','已婚',1,'海南',1,'chenjing@qq.com','18795556693','海南省海口市美兰区',7,3,2,'劳动合同','高中','市场营销','武汉大学','2015-06-09','在职','00000032',3.0,'2015-09-10',NULL,'2015-06-09','2018-06-08',NULL,0), 	 ('赵琳浩4','男','1993-03-04','610122199001011697','未婚',1,'陕西',3,'zhao@qq.com','15698887795','陕西省西安市莲湖区',12,3,4,'劳动合同','博士','电子工程','哈尔滨理工大学','2018-01-01','在职','00000033',3.5,'2018-04-01',NULL,'2018-01-01','2021-07-14',NULL,0), 	 ('鹿存亮4','男','1990-01-03','610122199001011698','已婚',1,'陕西',3,'zhao@qq.com','15612347795','陕西省西安市莲湖区',13,3,5,'劳动合同','高中','电子工程','哈尔滨理工大学','2018-01-01','在职','00000034',3.5,'2018-04-01',NULL,'2018-01-01','2021-07-14',NULL,0), 	 ('姚森4','男','1991-02-05','610122199001011699','已婚',1,'河南',3,'yaosen@qq.com','14785559936','河南洛阳人民大道58号',13,6,5,'劳动合同','初中','室内装修设计','西北大学','2017-01-02','在职','00000035',7.0,'2017-04-02',NULL,'2017-01-02','2024-01-17',NULL,0), 	 ('云星4','女','1993-01-05','610122199001011700','已婚',1,'陕西西安',1,'yunxing@qq.com','15644442252','陕西西安新城区',13,7,5,'劳务合同','硕士','通信工程','西安电子科技学校','2018-01-01','在职','00000036',5.25,'2018-04-01',NULL,'2018-01-01','2023-04-13',NULL,0), 	 ('贾旭明4','男','1993-11-11','610122199001011701','已婚',1,'广东广州',4,'jiaxuming@qq.com','15644441234','广东省广州市天河区冼村路',5,6,4,'劳务合同','初中','通信工程','西北大学','2018-01-01','在职','00000037',5.25,'2018-04-01',NULL,'2018-01-01','2023-04-13',NULL,0), 	 ('张黎明2','男','1991-02-01','610122199001011702','已婚',1,'广东',6,'zhangliming@qq.com','18979994478','广东珠海',12,6,4,'劳动合同','高中','考古','清华大学','2018-01-01','在职','00000038',7.0,'2018-04-01',NULL,'2018-01-01','2025-01-30',NULL,0), 	 ('薛磊4','男','1992-07-01','610122199001011703','已婚',1,'陕西西安',13,'xuelei@qq.com','15648887741','西安市雁塔区',13,5,5,'劳动合同','初中','无','华胥中学','2018-01-01','在职','00000039',6.0,'2018-04-01',NULL,'2018-01-01','2024-01-17',NULL,0), 	 ('张洁4','女','1990-10-09','610122199001011704','未婚',1,'海南',5,'zhangjie@qq.com','13695557742','海口市美兰区',13,7,5,'劳动合同','高中','无','海南侨中','2018-01-01','在职','00000040',1.0,'2018-01-31',NULL,'2018-01-01','2019-01-01',NULL,0), 	 ('江南一点雨5','男','1990-01-01','610122199001011705','已婚',1,'陕西',13,'laowang@qq.com','18565558897','深圳市南山区',4,1,1,'劳动合同','本科','信息管理与信息系统','深圳大学','2018-01-01','在职','00000041',1.0,'2018-04-01',NULL,'2018-01-01','2019-01-01',NULL,0), 	 ('陈静5','女','1989-02-01','610122199001011706','已婚',1,'海南',1,'chenjing@qq.com','18795556693','海南省海口市美兰区',7,3,2,'劳动合同','高中','市场营销','武汉大学','2015-06-09','在职','00000042',3.0,'2015-09-10',NULL,'2015-06-09','2018-06-08',NULL,0), 	 ('赵琳浩5','男','1993-03-04','610122199001011707','未婚',1,'陕西',3,'zhao@qq.com','15698887795','陕西省西安市莲湖区',12,3,4,'劳动合同','博士','电子工程','哈尔滨理工大学','2018-01-01','在职','00000043',3.5,'2018-04-01',NULL,'2018-01-01','2021-07-14',NULL,0), 	 ('鹿存亮5','男','1990-01-03','610122199001011708','已婚',1,'陕西',3,'zhao@qq.com','15612347795','陕西省西安市莲湖区',13,3,5,'劳动合同','高中','电子工程','哈尔滨理工大学','2018-01-01','在职','00000044',3.5,'2018-04-01',NULL,'2018-01-01','2021-07-14',NULL,0), 	 ('姚森5','男','1991-02-05','610122199001011709','已婚',1,'河南',3,'yaosen@qq.com','14785559936','河南洛阳人民大道58号',13,6,5,'劳动合同','初中','室内装修设计','西北大学','2017-01-02','在职','00000045',7.0,'2017-04-02',NULL,'2017-01-02','2024-01-17',NULL,0), 	 ('云星5','女','1993-01-05','610122199001011710','已婚',1,'陕西西安',1,'yunxing@qq.com','15644442252','陕西西安新城区',13,7,5,'劳务合同','硕士','通信工程','西安电子科技学校','2018-01-01','在职','00000046',5.25,'2018-04-01',NULL,'2018-01-01','2023-04-13',NULL,0), 	 ('贾旭明5','男','1993-11-11','610122199001011711','已婚',1,'广东广州',4,'jiaxuming@qq.com','15644441234','广东省广州市天河区冼村路',5,6,4,'劳务合同','初中','通信工程','西北大学','2018-01-01','在职','00000047',5.25,'2018-04-01',NULL,'2018-01-01','2023-04-13',NULL,0), 	 ('张黎明5','男','1991-02-01','610122199001011712','已婚',1,'广东',6,'zhangliming@qq.com','18979994478','广东珠海',12,6,4,'劳动合同','高中','考古','清华大学','2018-01-01','在职','00000048',7.0,'2018-04-01',NULL,'2018-01-01','2025-01-30',NULL,0), 	 ('薛磊5','男','1992-07-01','610122199001011713','已婚',1,'陕西西安',13,'xuelei@qq.com','15648887741','西安市雁塔区',13,5,5,'劳动合同','初中','无','华胥中学','2018-01-01','在职','00000049',6.0,'2018-04-01',NULL,'2018-01-01','2024-01-17',NULL,0), 	 ('张洁5','女','1990-10-09','610122199001011714','未婚',1,'海南',5,'zhangjie@qq.com','13695557742','海口市美兰区',13,7,5,'劳动合同','高中','无','海南侨中','2018-01-01','在职','00000050',1.0,'2018-01-31',NULL,'2018-01-01','2019-01-01',NULL,0), 	 ('江南一点雨6','男','1990-01-01','610122199001011715','已婚',1,'陕西',13,'laowang@qq.com','18565558897','深圳市南山区',4,1,1,'劳动合同','本科','信息管理与信息系统','深圳大学','2018-01-01','在职','00000051',1.0,'2018-04-01',NULL,'2018-01-01','2019-01-01',NULL,0), 	 ('陈静6','女','1989-02-01','610122199001011716','已婚',1,'海南',1,'chenjing@qq.com','18795556693','海南省海口市美兰区',7,3,2,'劳动合同','高中','市场营销','武汉大学','2015-06-09','在职','00000052',3.0,'2015-09-10',NULL,'2015-06-09','2018-06-08',NULL,0), 	 ('赵琳浩6','男','1993-03-04','610122199001011717','未婚',1,'陕西',3,'zhao@qq.com','15698887795','陕西省西安市莲湖区',12,3,4,'劳动合同','博士','电子工程','哈尔滨理工大学','2018-01-01','在职','00000053',3.5,'2018-04-01',NULL,'2018-01-01','2021-07-14',NULL,0), 	 ('鹿存亮6','男','1990-01-03','610122199001011718','已婚',1,'陕西',3,'zhao@qq.com','15612347795','陕西省西安市莲湖区',13,3,5,'劳动合同','高中','电子工程','哈尔滨理工大学','2018-01-01','在职','00000054',3.5,'2018-04-01',NULL,'2018-01-01','2021-07-14',NULL,0), 	 ('姚森6','男','1991-02-05','610122199001011719','已婚',1,'河南',3,'yaosen@qq.com','14785559936','河南洛阳人民大道58号',13,6,5,'劳动合同','初中','室内装修设计','西北大学','2017-01-02','在职','00000055',7.0,'2017-04-02',NULL,'2017-01-02','2024-01-17',NULL,0), 	 ('云星6','女','1993-01-05','610122199001011720','已婚',1,'陕西西安',1,'yunxing@qq.com','15644442252','陕西西安新城区',13,7,5,'劳务合同','硕士','通信工程','西安电子科技学校','2018-01-01','在职','00000056',5.25,'2018-04-01',NULL,'2018-01-01','2023-04-13',NULL,0), 	 ('江南一点雨','男','1990-01-01','610122199001011721','已婚',1,'陕西',13,'laowang@qq.com','18565558897','深圳市南山区',4,1,1,'劳动合同','本科','信息管理与信息系统','深圳大学','2018-01-01','在职','00000001',1.0,NULL,NULL,'2018-01-01','2019-01-01',NULL,0), 	 ('陈静','女','1989-02-01','610122199001011722','已婚',1,'海南',1,'chenjing@qq.com','18795556693','海南省海口市美兰区',7,3,2,'劳动合同','高中','市场营销','武汉大学','2015-06-09','在职','00000002',3.0,NULL,NULL,'2015-06-09','2018-06-08',NULL,0), 	 ('赵琳浩','男','1993-03-04','610122199001011723','未婚',1,'陕西',3,'zhao@qq.com','15698887795','陕西省西安市莲湖区',12,3,4,'劳动合同','博士','电子工程','哈尔滨理工大学','2018-01-01','在职','00000003',3.5,NULL,NULL,'2018-01-01','2021-07-14',NULL,0), 	 ('鹿存亮','男','1990-01-03','610122199001011724','已婚',1,'陕西',3,'zhao@qq.com','15612347795','陕西省西安市莲湖区',13,3,5,'劳动合同','高中','电子工程','哈尔滨理工大学','2018-01-01','在职','00000004',3.5,NULL,NULL,'2018-01-01','2021-07-14',NULL,0), 	 ('姚森','男','1991-02-05','610122199001011725','已婚',1,'河南',3,'yaosen@qq.com','14785559936','河南洛阳人民大道58号',13,6,5,'劳动合同','初中','室内装修设计','西北大学','2017-01-02','在职','00000005',7.0,NULL,NULL,'2017-01-02','2024-01-17',NULL,0), 	 ('贾旭明','男','1993-11-11','610122199001011726','已婚',1,'广东广州',4,'jiaxuming@qq.com','15644441234','广东省广州市天河区冼村路',5,6,4,'劳务合同','初中','通信工程','西北大学','2018-01-01','在职','00000007',5.25,NULL,NULL,'2018-01-01','2023-04-13',NULL,0), 	 ('张黎明','男','1991-02-01','610122199001011727','已婚',1,'广东',6,'zhangliming@qq.com','18979994478','广东珠海',12,6,4,'劳动合同','高中','考古','清华大学','2018-01-01','在职','00000008',7.0,NULL,NULL,'2018-01-01','2025-01-30',NULL,0), 	 ('薛磊','男','1992-07-01','610122199001011728','已婚',1,'陕西西安',13,'xuelei@qq.com','15648887741','西安市雁塔区',13,5,5,'劳动合同','初中','无','华胥中学','2018-01-01','在职','00000009',6.0,NULL,NULL,'2018-01-01','2024-01-17',NULL,0), 	 ('张洁','女','1990-10-09','610122199001011729','未婚',1,'海南',5,'zhangjie@qq.com','13695557742','海口市美兰区',13,7,5,'劳动合同','高中','无','海南侨中','2018-01-01','在职','00000010',1.0,NULL,NULL,'2018-01-01','2019-01-01',NULL,0), 	 ('江南一点雨2','男','1990-01-01','610122199001011730','已婚',1,'陕西',13,'laowang@qq.com','18565558897','深圳市南山区',4,1,1,'劳动合同','本科','信息管理与信息系统','深圳大学','2018-01-01','在职','00000011',1.0,NULL,NULL,'2018-01-01','2019-01-01',NULL,0), 	 ('陈静2','女','1989-02-01','610122199001011731','已婚',1,'海南',1,'chenjing@qq.com','18795556693','海南省海口市美兰区',7,3,2,'劳动合同','高中','市场营销','武汉大学','2015-06-09','在职','00000012',3.0,NULL,NULL,'2015-06-09','2018-06-08',NULL,0), 	 ('赵琳浩2','男','1993-03-04','610122199001011732','未婚',1,'陕西',3,'zhao@qq.com','15698887795','陕西省西安市莲湖区',12,3,4,'劳动合同','博士','电子工程','哈尔滨理工大学','2018-01-01','在职','00000013',3.5,NULL,NULL,'2018-01-01','2021-07-14',NULL,0), 	 ('鹿存亮2','男','1990-01-03','610122199001011733','已婚',1,'陕西',3,'zhao@qq.com','15612347795','陕西省西安市莲湖区',13,3,5,'劳动合同','高中','电子工程','哈尔滨理工大学','2018-01-01','在职','00000014',3.5,NULL,NULL,'2018-01-01','2021-07-14',NULL,0), 	 ('姚森2','男','1991-02-05','610122199001011734','已婚',1,'河南',3,'yaosen@qq.com','14785559936','河南洛阳人民大道58号',13,6,5,'劳动合同','初中','室内装修设计','西北大学','2017-01-02','在职','00000015',7.0,NULL,NULL,'2017-01-02','2024-01-17',NULL,0), 	 ('云星2','女','1993-01-05','610122199001011735','已婚',1,'陕西西安',1,'yunxing@qq.com','15644442252','陕西西安新城区',13,7,5,'劳务合同','硕士','通信工程','西安电子科技学校','2018-01-01','在职','00000016',5.25,NULL,NULL,'2018-01-01','2023-04-13',NULL,0), 	 ('贾旭明2','男','1993-11-11','610122199001011736','已婚',1,'广东广州',4,'jiaxuming@qq.com','15644441234','广东省广州市天河区冼村路',5,6,4,'劳务合同','初中','通信工程','西北大学','2018-01-01','在职','00000017',5.25,NULL,NULL,'2018-01-01','2023-04-13',NULL,0), 	 ('王一亭','男','1991-02-01','610122199001011737','已婚',1,'广东',6,'zhangliming@qq.com','18979994478','广东珠海',12,6,4,'劳动合同','高中','考古','清华大学','2018-01-01','在职','00000018',7.0,NULL,NULL,'2018-01-01','2025-01-30',NULL,0), 	 ('薛磊2','男','1992-07-01','610122199001011738','已婚',1,'陕西西安',13,'xuelei@qq.com','15648887741','西安市雁塔区',13,5,5,'劳动合同','初中','无','华胥中学','2018-01-01','在职','00000019',1.0,NULL,NULL,'2018-01-01','2019-01-01',NULL,0), 	 ('张洁2','女','1990-10-09','610122199001011739','未婚',1,'海南',5,'zhangjie@qq.com','13695557742','海口市美兰区',13,7,5,'劳动合同','高中','无','海南侨中','2018-01-01','在职','00000020',1.0,NULL,NULL,'2018-01-01','2019-01-01',NULL,0), 	 ('江南一点雨3','男','1990-01-01','610122199001011740','已婚',1,'陕西',13,'laowang@qq.com','18565558897','深圳市南山区',4,1,1,'劳动合同','本科','信息管理与信息系统','深圳大学','2018-01-01','在职','00000021',1.0,NULL,NULL,'2018-01-01','2019-01-01',NULL,0), 	 ('陈静3','女','1989-02-01','610122199001011741','已婚',1,'海南',1,'chenjing@qq.com','18795556693','海南省海口市美兰区',7,3,2,'劳动合同','高中','市场营销','武汉大学','2015-06-09','在职','00000022',3.0,NULL,NULL,'2015-06-09','2018-06-08',NULL,0), 	 ('鹿存亮3','男','1990-01-03','610122199001011742','已婚',1,'陕西',3,'zhao@qq.com','15612347795','陕西省西安市莲湖区',13,3,5,'劳动合同','高中','电子工程','哈尔滨理工大学','2018-01-01','在职','00000024',3.5,NULL,NULL,'2018-01-01','2021-07-14',NULL,0), 	 ('姚森3','男','1991-02-05','610122199001011743','已婚',1,'河南',3,'yaosen@qq.com','14785559936','河南洛阳人民大道58号',13,6,5,'劳动合同','初中','室内装修设计','西北大学','2017-01-02','在职','00000025',7.0,NULL,NULL,'2017-01-02','2024-01-17',NULL,0), 	 ('云星3','女','1993-01-05','610122199001011744','已婚',1,'陕西西安',1,'yunxing@qq.com','15644442252','陕西西安新城区',13,7,5,'劳务合同','硕士','通信工程','西安电子科技学校','2018-01-01','在职','00000026',5.25,NULL,NULL,'2018-01-01','2023-04-13',NULL,0), 	 ('贾旭明3','男','1993-11-11','610122199001011745','已婚',1,'广东广州',4,'jiaxuming@qq.com','15644441234','广东省广州市天河区冼村路',5,6,4,'劳务合同','初中','通信工程','西北大学','2018-01-01','在职','00000027',5.25,NULL,NULL,'2018-01-01','2023-04-13',NULL,0), 	 ('张黎明3','男','1991-02-01','610122199001011746','已婚',1,'广东',6,'zhangliming@qq.com','18979994478','广东珠海',12,6,4,'劳动合同','高中','考古','清华大学','2018-01-01','在职','00000028',7.0,NULL,NULL,'2018-01-01','2025-01-30',NULL,0), 	 ('薛磊3','男','1992-07-01','610122199001011747','已婚',1,'陕西西安',13,'xuelei@qq.com','15648887741','西安市雁塔区',13,5,5,'劳动合同','初中','无','华胥中学','2018-01-01','在职','00000029',6.0,NULL,NULL,'2018-01-01','2024-01-17',NULL,0), 	 ('江南一点雨4','男','1990-01-01','610122199001011748','已婚',1,'陕西',13,'laowang@qq.com','18565558897','深圳市南山区',4,1,1,'劳动合同','本科','信息管理与信息系统','深圳大学','2018-01-01','在职','00000031',1.0,NULL,NULL,'2018-01-01','2019-01-01',NULL,0), 	 ('陈静4','女','1989-02-01','610122199001011749','已婚',1,'海南',1,'chenjing@qq.com','18795556693','海南省海口市美兰区',7,3,2,'劳动合同','高中','市场营销','武汉大学','2015-06-09','在职','00000032',3.0,NULL,NULL,'2015-06-09','2018-06-08',NULL,0), 	 ('赵琳浩4','男','1993-03-04','610122199001011750','未婚',1,'陕西',3,'zhao@qq.com','15698887795','陕西省西安市莲湖区',12,3,4,'劳动合同','博士','电子工程','哈尔滨理工大学','2018-01-01','在职','00000033',3.5,NULL,NULL,'2018-01-01','2021-07-14',NULL,0), 	 ('鹿存亮4','男','1990-01-03','610122199001011751','已婚',1,'陕西',3,'zhao@qq.com','15612347795','陕西省西安市莲湖区',13,3,5,'劳动合同','高中','电子工程','哈尔滨理工大学','2018-01-01','在职','00000034',3.5,NULL,NULL,'2018-01-01','2021-07-14',NULL,0), 	 ('姚森4','男','1991-02-05','610122199001011752','已婚',1,'河南',3,'yaosen@qq.com','14785559936','河南洛阳人民大道58号',13,6,5,'劳动合同','初中','室内装修设计','西北大学','2017-01-02','在职','00000035',7.0,NULL,NULL,'2017-01-02','2024-01-17',NULL,0), 	 ('云星4','女','1993-01-05','610122199001011753','已婚',1,'陕西西安',1,'yunxing@qq.com','15644442252','陕西西安新城区',13,7,5,'劳务合同','硕士','通信工程','西安电子科技学校','2018-01-01','在职','00000036',5.25,NULL,NULL,'2018-01-01','2023-04-13',NULL,0), 	 ('贾旭明4','男','1993-11-11','610122199001011754','已婚',1,'广东广州',4,'jiaxuming@qq.com','15644441234','广东省广州市天河区冼村路',5,6,4,'劳务合同','初中','通信工程','西北大学','2018-01-01','在职','00000037',5.25,NULL,NULL,'2018-01-01','2023-04-13',NULL,0), 	 ('谢工','女','1970-01-01','610122199001011755','离异',1,'江苏',1,'584991843@qq.com','18558887788','北京',12,3,1,'劳动合同','本科','计算机软件','南华大学','2018-01-01','在职','00000038',5.0,'2019-01-01',NULL,'2018-01-01','2023-01-01',NULL,0), 	 ('林昭亮','男','1990-01-01','610122199001011756','已婚',1,'广东',13,'584991843@qq.com','16767776654','广东深圳',12,6,4,'劳动合同','大专','计算机软件','广东职业技术学院','2018-01-01','在职','00000039',5.0,'2018-04-01',NULL,'2018-01-01','2023-01-01',NULL,0), 	 ('11','男','2018-01-01','610122199001011757','已婚',1,'1',1,'584991843@qq.com','111','1',11,1,1,'劳动合同','本科','1','1','2018-01-01','在职','00000040',4.0,'2018-04-01',NULL,'2018-01-01','2022-01-26',NULL,0), 	 ('1','男','2018-01-01','610122199001011758','已婚',1,'1',1,'584991843@qq.com','1','1',11,1,1,'劳动合同','大专','1','1','2018-01-31','在职','00000041',1.0,'2018-01-31',NULL,'2018-01-31','2019-01-31',NULL,0), 	 ('1','男','2018-01-01','610122199001011759','已婚',1,'1',1,'584991843@qq.com','1','1',5,1,1,'劳动合同','大专','1','1','2018-01-31','在职','00000042',1.0,'2018-01-31',NULL,'2018-01-31','2019-01-31',NULL,0), 	 ('1','男','2018-01-01','610122199001011760','已婚',1,'1',1,'584991843@qq.com','1','1',6,1,1,'劳动合同','大专','1','1','2018-01-31','在职','00000043',0.0,'2018-01-31',NULL,'2018-01-31','2018-01-31',NULL,0), 	 ('1','男','2018-01-01','610122199001011761','已婚',1,'1',1,'584991843@qq.com','1','1',10,1,1,'劳动合同','大专','1','1','2018-01-01','在职','00000044',0.0,'2018-01-01',NULL,'2018-01-01','2018-01-31',NULL,0), 	 ('1','男','2018-01-01','610122199001011762','已婚',1,'1',1,'584991843@qq.com','1','1',5,1,1,'劳动合同','大专','1','1','2018-01-01','在职','00000045',0.0,'2018-01-01',NULL,'2018-01-01','2018-01-31',NULL,0), 	 ('林伯渠','男','2018-01-01','610122199001011763','未婚',1,'1',1,'584991843@qq.com','1','1',4,1,1,'劳动合同','大专','1','1','2018-01-31','在职','00000046',0.0,'2018-01-31',NULL,'2018-01-31','2018-01-31',NULL,0), 	 ('1','男','2018-01-01','610122199001011764','已婚',1,'1',1,'584991843@qq.com','1','1',4,1,1,'劳动合同','大专','1','1','2018-01-31','在职','00000047',0.0,'2018-01-31',NULL,'2018-01-31','2018-01-31',NULL,0), 	 ('江南一点雨','男','1990-01-01','610122199001011765','已婚',1,'陕西',13,'laowang@qq.com','18565558897','深圳市南山区',3,1,1,'劳务合同','本科','信息管理与信息系统','深圳大学','2018-01-01','在职','00000001',2.0,NULL,NULL,'2018-01-01','2020-01-01',NULL,0), 	 ('陈静','女','1989-02-01','610122199001011766','已婚',1,'海南',1,'chenjing@qq.com','18795556693','海南省海口市美兰区',4,3,2,'劳动合同','高中','市场营销','武汉大学','2015-06-09','在职','00000002',3.0,NULL,NULL,'2015-06-09','2018-06-08',NULL,0), 	 ('赵琳浩','男','1993-03-04','610122199001011767','未婚',1,'陕西',3,'zhao@qq.com','15698887795','陕西省西安市莲湖区',12,3,4,'劳动合同','博士','电子工程','哈尔滨理工大学','2018-01-01','在职','00000003',3.5,NULL,NULL,'2018-01-01','2021-07-14',NULL,0), 	 ('鹿存亮','男','1990-01-03','610122199001011768','已婚',1,'陕西',3,'zhao@qq.com','15612347795','陕西省西安市莲湖区',13,3,5,'劳动合同','高中','电子工程','哈尔滨理工大学','2018-01-01','在职','00000004',3.5,NULL,NULL,'2018-01-01','2021-07-14',NULL,0), 	 ('姚森','男','1991-02-05','610122199001011769','已婚',1,'河南',3,'yaosen@qq.com','14785559936','河南洛阳人民大道58号',13,6,5,'劳动合同','硕士','室内装修设计','西北大学','2017-01-02','在职','00000005',7.0,NULL,NULL,'2017-01-02','2024-01-17',NULL,0), 	 ('云星','女','1993-01-05','610122199001011770','已婚',1,'陕西西安',1,'yunxing@qq.com','15644442252','陕西西安新城区',13,7,5,'劳务合同','硕士','通信工程','西安电子科技学校','2018-01-01','在职','00000006',5.25,NULL,NULL,'2018-01-01','2023-04-13',NULL,0), 	 ('贾旭明','男','1993-11-11','610122199001011771','已婚',1,'广东广州',4,'jiaxuming@qq.com','15644441234','广东省广州市天河区冼村路',5,6,4,'劳务合同','初中','通信工程','西北大学','2018-01-01','在职','00000007',5.25,NULL,NULL,'2018-01-01','2023-04-13',NULL,0), 	 ('张黎明','男','1991-02-01','610122199001011772','已婚',1,'广东',6,'zhangliming@qq.com','18979994478','广东珠海',12,6,4,'劳动合同','高中','考古','清华大学','2018-01-01','在职','00000008',7.0,NULL,NULL,'2018-01-01','2025-01-30',NULL,0), 	 ('薛磊','男','1992-07-01','610122199001011773','已婚',1,'陕西西安',13,'xuelei@qq.com','15648887741','西安市雁塔区',13,5,5,'劳动合同','初中','无','华胥中学','2018-01-01','在职','00000009',6.0,NULL,NULL,'2018-01-01','2024-01-17',NULL,0), 	 ('张洁','女','1990-10-09','610122199001011774','未婚',1,'海南',5,'zhangjie@qq.com','13695557742','海口市美兰区',13,7,5,'劳动合同','高中','无','海南侨中','2018-01-01','在职','00000010',1.0,NULL,NULL,'2018-01-01','2019-01-01',NULL,0), 	 ('江南一点雨2','男','1990-01-01','610122199001011775','已婚',1,'陕西',13,'laowang@qq.com','18565558897','深圳市南山区',12,1,1,'劳动合同','本科','信息管理与信息系统','深圳大学','2018-01-01','在职','00000011',1.0,NULL,NULL,'2018-01-01','2019-01-01',NULL,0), 	 ('陈静2','女','1989-02-01','610122199001011776','已婚',1,'海南',1,'chenjing@qq.com','18795556693','海南省海口市美兰区',7,3,2,'劳动合同','高中','市场营销','武汉大学','2015-06-09','在职','00000012',3.0,NULL,NULL,'2015-06-09','2018-06-08',NULL,0), 	 ('赵琳浩2','男','1993-03-04','610122199001011777','未婚',1,'陕西',3,'zhao@qq.com','15698887795','陕西省西安市莲湖区',12,3,4,'劳动合同','博士','电子工程','哈尔滨理工大学','2018-01-01','在职','00000013',3.5,NULL,NULL,'2018-01-01','2021-07-14',NULL,0), 	 ('鹿存亮2','男','1990-01-03','610122199001011778','已婚',1,'陕西',3,'zhao@qq.com','15612347795','陕西省西安市莲湖区',13,3,5,'劳动合同','高中','电子工程','哈尔滨理工大学','2018-01-01','在职','00000014',3.5,NULL,NULL,'2018-01-01','2021-07-14',NULL,0), 	 ('姚森2','男','1991-02-05','610122199001011779','已婚',1,'河南',3,'yaosen@qq.com','14785559936','河南洛阳人民大道58号',13,6,5,'劳动合同','初中','室内装修设计','西北大学','2017-01-02','在职','00000015',7.0,NULL,NULL,'2017-01-02','2024-01-17',NULL,0), 	 ('云星2','女','1993-01-05','610122199001011780','已婚',1,'陕西西安',1,'yunxing@qq.com','15644442252','陕西西安新城区',13,7,5,'劳务合同','硕士','通信工程','西安电子科技学校','2018-01-01','在职','00000016',5.25,NULL,NULL,'2018-01-01','2023-04-13',NULL,0), 	 ('贾旭明2','男','1993-11-11','610122199001011781','已婚',1,'广东广州',4,'jiaxuming@qq.com','15644441234','广东省广州市天河区冼村路',5,6,4,'劳务合同','初中','通信工程','西北大学','2018-01-01','在职','00000017',5.25,NULL,NULL,'2018-01-01','2023-04-13',NULL,0), 	 ('王一亭','男','1991-02-01','610122199001011782','已婚',1,'广东',6,'zhangliming@qq.com','18979994478','广东珠海',12,6,4,'劳动合同','高中','考古','清华大学','2018-01-01','在职','00000018',7.0,NULL,NULL,'2018-01-01','2025-01-30',NULL,0), 	 ('薛磊2','男','1992-07-01','610122199001011783','已婚',1,'陕西西安',13,'xuelei@qq.com','15648887741','西安市雁塔区',13,5,5,'劳动合同','初中','无','华胥中学','2018-01-01','在职','00000019',1.0,NULL,NULL,'2018-01-01','2019-01-01',NULL,0), 	 ('张洁2','女','1990-10-09','610122199001011784','未婚',1,'海南',5,'zhangjie@qq.com','13695557742','海口市美兰区',13,7,5,'劳动合同','高中','无','海南侨中','2018-01-01','在职','00000020',1.0,NULL,NULL,'2018-01-01','2019-01-01',NULL,0), 	 ('江南一点雨3','男','1990-01-01','610122199001011785','已婚',1,'陕西',13,'laowang@qq.com','18565558897','深圳市南山区',4,1,1,'劳动合同','本科','信息管理与信息系统','深圳大学','2018-01-01','在职','00000021',1.0,NULL,NULL,'2018-01-01','2019-01-01',NULL,0), 	 ('陈静3','女','1989-02-01','610122199001011786','已婚',1,'海南',1,'chenjing@qq.com','18795556693','海南省海口市美兰区',7,3,2,'劳动合同','高中','市场营销','武汉大学','2015-06-09','在职','00000022',3.0,NULL,NULL,'2015-06-09','2018-06-08',NULL,0), 	 ('鹿存亮3','男','1990-01-03','610122199001011787','已婚',1,'陕西',3,'zhao@qq.com','15612347795','陕西省西安市莲湖区',13,3,5,'劳动合同','高中','电子工程','哈尔滨理工大学','2018-01-01','在职','00000024',3.5,NULL,NULL,'2018-01-01','2021-07-14',NULL,0), 	 ('姚森3','男','1991-02-05','610122199001011788','已婚',1,'河南',3,'yaosen@qq.com','14785559936','河南洛阳人民大道58号',13,6,5,'劳动合同','初中','室内装修设计','西北大学','2017-01-02','在职','00000025',7.0,NULL,NULL,'2017-01-02','2024-01-17',NULL,0), 	 ('云星3','女','1993-01-05','610122199001011789','已婚',1,'陕西西安',1,'yunxing@qq.com','15644442252','陕西西安新城区',13,7,5,'劳务合同','硕士','通信工程','西安电子科技学校','2018-01-01','在职','00000026',5.25,NULL,NULL,'2018-01-01','2023-04-13',NULL,0), 	 ('贾旭明3','男','1993-11-11','610122199001011790','已婚',1,'广东广州',4,'jiaxuming@qq.com','15644441234','广东省广州市天河区冼村路',5,6,4,'劳务合同','初中','通信工程','西北大学','2018-01-01','在职','00000027',5.25,NULL,NULL,'2018-01-01','2023-04-13',NULL,0), 	 ('张黎明3','男','1991-02-01','610122199001011791','已婚',1,'广东',6,'zhangliming@qq.com','18979994478','广东珠海',12,6,4,'劳动合同','高中','考古','清华大学','2018-01-01','在职','00000028',7.0,NULL,NULL,'2018-01-01','2025-01-30',NULL,0), 	 ('薛磊3','男','1992-07-01','610122199001011792','已婚',1,'陕西西安',13,'xuelei@qq.com','15648887741','西安市雁塔区',13,5,5,'劳动合同','初中','无','华胥中学','2018-01-01','在职','00000029',6.0,NULL,NULL,'2018-01-01','2024-01-17',NULL,0), 	 ('江南一点雨4','男','1990-01-01','610122199001011793','已婚',1,'陕西',13,'laowang@qq.com','18565558897','深圳市南山区',4,1,1,'劳动合同','本科','信息管理与信息系统','深圳大学','2018-01-01','在职','00000031',1.0,NULL,NULL,'2018-01-01','2019-01-01',NULL,0), 	 ('陈静4','女','1989-02-01','610122199001011794','已婚',1,'海南',1,'chenjing@qq.com','18795556693','海南省海口市美兰区',7,3,2,'劳动合同','高中','市场营销','武汉大学','2015-06-09','在职','00000032',3.0,NULL,NULL,'2015-06-09','2018-06-08',NULL,0), 	 ('赵琳浩4','男','1993-03-04','610122199001011795','未婚',1,'陕西',3,'zhao@qq.com','15698887795','陕西省西安市莲湖区',12,3,4,'劳动合同','博士','电子工程','哈尔滨理工大学','2018-01-01','在职','00000033',3.5,NULL,NULL,'2018-01-01','2021-07-14',NULL,0), 	 ('鹿存亮4','男','1990-01-03','610122199001011796','已婚',1,'陕西',3,'zhao@qq.com','15612347795','陕西省西安市莲湖区',13,3,5,'劳动合同','高中','电子工程','哈尔滨理工大学','2018-01-01','在职','00000034',3.5,NULL,NULL,'2018-01-01','2021-07-14',NULL,0), 	 ('姚森4','男','1991-02-05','610122199001011797','已婚',1,'河南',3,'yaosen@qq.com','14785559936','河南洛阳人民大道58号',13,6,5,'劳动合同','初中','室内装修设计','西北大学','2017-01-02','在职','00000035',7.0,NULL,NULL,'2017-01-02','2024-01-17',NULL,0), 	 ('云星4','女','1993-01-05','610122199001011798','已婚',1,'陕西西安',1,'yunxing@qq.com','15644442252','陕西西安新城区',13,7,5,'劳务合同','硕士','通信工程','西安电子科技学校','2018-01-01','在职','00000036',5.25,NULL,NULL,'2018-01-01','2023-04-13',NULL,0), 	 ('贾旭明4','男','1993-11-11','610122199001011799','已婚',1,'广东广州',4,'jiaxuming@qq.com','15644441234','广东省广州市天河区冼村路',5,6,4,'劳务合同','初中','通信工程','西北大学','2018-01-01','在职','00000037',5.25,NULL,NULL,'2018-01-01','2023-04-13',NULL,0), 	 ('张黎明2','男','1991-02-01','610122199001011800','已婚',1,'广东',6,'zhangliming@qq.com','18979994478','广东珠海',12,6,4,'劳动合同','高中','考古','清华大学','2018-01-01','在职','00000038',7.0,NULL,NULL,'2018-01-01','2025-01-30',NULL,0), 	 ('薛磊4','男','1992-07-01','610122199001011801','已婚',1,'陕西西安',13,'xuelei@qq.com','15648887741','西安市雁塔区',13,5,5,'劳动合同','初中','无','华胥中学','2018-01-01','在职','00000039',6.0,NULL,NULL,'2018-01-01','2024-01-17',NULL,0), 	 ('张洁4','女','1990-10-09','610122199001011802','未婚',1,'海南',5,'zhangjie@qq.com','13695557742','海口市美兰区',13,7,5,'劳动合同','高中','无','海南侨中','2018-01-01','在职','00000040',1.0,NULL,NULL,'2018-01-01','2019-01-01',NULL,0), 	 ('江南一点雨5','男','1990-01-01','610122199001011803','已婚',1,'陕西',13,'laowang@qq.com','18565558897','深圳市南山区',4,1,1,'劳动合同','本科','信息管理与信息系统','深圳大学','2018-01-01','在职','00000041',1.0,NULL,NULL,'2018-01-01','2019-01-01',NULL,0), 	 ('陈静5','女','1989-02-01','610122199001011804','已婚',1,'海南',1,'chenjing@qq.com','18795556693','海南省海口市美兰区',7,3,2,'劳动合同','高中','市场营销','武汉大学','2015-06-09','在职','00000042',3.0,NULL,NULL,'2015-06-09','2018-06-08',NULL,0), 	 ('赵琳浩5','男','1993-03-04','610122199001011805','未婚',1,'陕西',3,'zhao@qq.com','15698887795','陕西省西安市莲湖区',12,3,4,'劳动合同','博士','电子工程','哈尔滨理工大学','2018-01-01','在职','00000043',3.5,NULL,NULL,'2018-01-01','2021-07-14',NULL,0), 	 ('鹿存亮5','男','1990-01-03','610122199001011806','已婚',1,'陕西',3,'zhao@qq.com','15612347795','陕西省西安市莲湖区',13,3,5,'劳动合同','高中','电子工程','哈尔滨理工大学','2018-01-01','在职','00000044',3.5,NULL,NULL,'2018-01-01','2021-07-14',NULL,0), 	 ('姚森5','男','1991-02-05','610122199001011807','已婚',1,'河南',3,'yaosen@qq.com','14785559936','河南洛阳人民大道58号',13,6,5,'劳动合同','初中','室内装修设计','西北大学','2017-01-02','在职','00000045',7.0,NULL,NULL,'2017-01-02','2024-01-17',NULL,0), 	 ('云星5','女','1993-01-05','610122199001011808','已婚',1,'陕西西安',1,'yunxing@qq.com','15644442252','陕西西安新城区',13,7,5,'劳务合同','硕士','通信工程','西安电子科技学校','2018-01-01','在职','00000046',5.25,NULL,NULL,'2018-01-01','2023-04-13',NULL,0), 	 ('贾旭明5','男','1993-11-11','610122199001011809','已婚',1,'广东广州',4,'jiaxuming@qq.com','15644441234','广东省广州市天河区冼村路',5,6,4,'劳务合同','初中','通信工程','西北大学','2018-01-01','在职','00000047',5.25,NULL,NULL,'2018-01-01','2023-04-13',NULL,0), 	 ('张黎明5','男','1991-02-01','610122199001011810','已婚',1,'广东',6,'zhangliming@qq.com','18979994478','广东珠海',12,6,4,'劳动合同','高中','考古','清华大学','2018-01-01','在职','00000048',7.0,NULL,NULL,'2018-01-01','2025-01-30',NULL,0), 	 ('薛磊5','男','1992-07-01','610122199001011811','已婚',1,'陕西西安',13,'xuelei@qq.com','15648887741','西安市雁塔区',13,5,5,'劳动合同','初中','无','华胥中学','2018-01-01','在职','00000049',6.0,NULL,NULL,'2018-01-01','2024-01-17',NULL,0), 	 ('张洁5','女','1990-10-09','610122199001011812','未婚',1,'海南',5,'zhangjie@qq.com','13695557742','海口市美兰区',13,7,5,'劳动合同','高中','无','海南侨中','2018-01-01','在职','00000050',1.0,NULL,NULL,'2018-01-01','2019-01-01',NULL,0), 	 ('江南一点雨6','男','1990-01-01','610122199001011813','已婚',1,'陕西',13,'laowang@qq.com','18565558897','深圳市南山区',4,1,1,'劳动合同','本科','信息管理与信息系统','深圳大学','2018-01-01','在职','00000051',1.0,NULL,NULL,'2018-01-01','2019-01-01',NULL,0), 	 ('陈静6','女','1989-02-01','610122199001011814','已婚',1,'海南',1,'chenjing@qq.com','18795556693','海南省海口市美兰区',7,3,2,'劳动合同','高中','市场营销','武汉大学','2015-06-09','在职','00000052',3.0,NULL,NULL,'2015-06-09','2018-06-08',NULL,0), 	 ('赵琳浩6','男','1993-03-04','610122199001011815','未婚',1,'陕西',3,'zhao@qq.com','15698887795','陕西省西安市莲湖区',12,3,4,'劳动合同','博士','电子工程','哈尔滨理工大学','2018-01-01','在职','00000053',3.5,NULL,NULL,'2018-01-01','2021-07-14',NULL,0), 	 ('鹿存亮6','男','1990-01-03','610122199001011816','已婚',1,'陕西',3,'zhao@qq.com','15612347795','陕西省西安市莲湖区',13,3,5,'劳动合同','高中','电子工程','哈尔滨理工大学','2018-01-01','在职','00000054',3.5,NULL,NULL,'2018-01-01','2021-07-14',NULL,0), 	 ('姚森6','男','1991-02-05','610122199001011817','已婚',1,'河南',3,'yaosen@qq.com','14785559936','河南洛阳人民大道58号',13,6,5,'劳动合同','初中','室内装修设计','西北大学','2017-01-02','在职','00000055',7.0,NULL,NULL,'2017-01-02','2024-01-17',NULL,0), 	 ('云星6','女','1993-01-05','610122199001011818','已婚',1,'陕西西安',1,'yunxing@qq.com','15644442252','陕西西安新城区',13,7,5,'劳务合同','硕士','通信工程','西安电子科技学校','2018-01-01','在职','00000056',5.25,NULL,NULL,'2018-01-01','2023-04-13',NULL,0), 	 ('江南一点雨','男','1990-01-01','610122199001011819','已婚',1,'陕西',13,'laowang@qq.com','18565558897','深圳市南山区',4,1,1,'劳动合同','本科','信息管理与信息系统','深圳大学','2018-01-01','在职','00000001',1.0,NULL,NULL,'2018-01-01','2019-01-01',NULL,0), 	 ('陈静','女','1989-02-01','610122199001011820','已婚',1,'海南',1,'chenjing@qq.com','18795556693','海南省海口市美兰区',7,3,2,'劳动合同','高中','市场营销','武汉大学','2015-06-09','在职','00000002',3.0,NULL,NULL,'2015-06-09','2018-06-08',NULL,0), 	 ('赵琳浩','男','1993-03-04','610122199001011821','未婚',1,'陕西',3,'zhao@qq.com','15698887795','陕西省西安市莲湖区',12,3,4,'劳动合同','博士','电子工程','哈尔滨理工大学','2018-01-01','在职','00000003',3.5,NULL,NULL,'2018-01-01','2021-07-14',NULL,0), 	 ('鹿存亮','男','1990-01-03','610122199001011822','已婚',1,'陕西',3,'zhao@qq.com','15612347795','陕西省西安市莲湖区',13,3,5,'劳动合同','高中','电子工程','哈尔滨理工大学','2018-01-01','在职','00000004',3.5,NULL,NULL,'2018-01-01','2021-07-14',NULL,0), 	 ('姚森','男','1991-02-05','610122199001011823','已婚',1,'河南',3,'yaosen@qq.com','14785559936','河南洛阳人民大道58号',13,6,5,'劳动合同','初中','室内装修设计','西北大学','2017-01-02','在职','00000005',7.0,NULL,NULL,'2017-01-02','2024-01-17',NULL,0), 	 ('贾旭明','男','1993-11-11','610122199001011824','已婚',1,'广东广州',4,'jiaxuming@qq.com','15644441234','广东省广州市天河区冼村路',5,6,4,'劳务合同','初中','通信工程','西北大学','2018-01-01','在职','00000007',5.25,NULL,NULL,'2018-01-01','2023-04-13',NULL,0), 	 ('张黎明','男','1991-02-01','610122199001011825','已婚',1,'广东',6,'zhangliming@qq.com','18979994478','广东珠海',12,6,4,'劳动合同','高中','考古','清华大学','2018-01-01','在职','00000008',7.0,NULL,NULL,'2018-01-01','2025-01-30',NULL,0), 	 ('薛磊','男','1992-07-01','610122199001011826','已婚',1,'陕西西安',13,'xuelei@qq.com','15648887741','西安市雁塔区',13,5,5,'劳动合同','初中','无','华胥中学','2018-01-01','在职','00000009',6.0,NULL,NULL,'2018-01-01','2024-01-17',NULL,0), 	 ('张洁','女','1990-10-09','610122199001011827','未婚',1,'海南',5,'zhangjie@qq.com','13695557742','海口市美兰区',13,7,5,'劳动合同','高中','无','海南侨中','2018-01-01','在职','00000010',1.0,NULL,NULL,'2018-01-01','2019-01-01',NULL,0), 	 ('江南一点雨2','男','1990-01-01','610122199001011828','已婚',1,'陕西',13,'laowang@qq.com','18565558897','深圳市南山区',4,1,1,'劳动合同','本科','信息管理与信息系统','深圳大学','2018-01-01','在职','00000011',1.0,NULL,NULL,'2018-01-01','2019-01-01',NULL,0), 	 ('陈静2','女','1989-02-01','610122199001011829','已婚',1,'海南',1,'chenjing@qq.com','18795556693','海南省海口市美兰区',7,3,2,'劳动合同','高中','市场营销','武汉大学','2015-06-09','在职','00000012',3.0,NULL,NULL,'2015-06-09','2018-06-08',NULL,0), 	 ('赵琳浩2','男','1993-03-04','610122199001011830','未婚',1,'陕西',3,'zhao@qq.com','15698887795','陕西省西安市莲湖区',12,3,4,'劳动合同','博士','电子工程','哈尔滨理工大学','2018-01-01','在职','00000013',3.5,NULL,NULL,'2018-01-01','2021-07-14',NULL,0), 	 ('鹿存亮2','男','1990-01-03','610122199001011831','已婚',1,'陕西',3,'zhao@qq.com','15612347795','陕西省西安市莲湖区',13,3,5,'劳动合同','高中','电子工程','哈尔滨理工大学','2018-01-01','在职','00000014',3.5,NULL,NULL,'2018-01-01','2021-07-14',NULL,0), 	 ('姚森2','男','1991-02-05','610122199001011832','已婚',1,'河南',3,'yaosen@qq.com','14785559936','河南洛阳人民大道58号',13,6,5,'劳动合同','初中','室内装修设计','西北大学','2017-01-02','在职','00000015',7.0,NULL,NULL,'2017-01-02','2024-01-17',NULL,0), 	 ('云星2','女','1993-01-05','610122199001011833','已婚',1,'陕西西安',1,'yunxing@qq.com','15644442252','陕西西安新城区',13,7,5,'劳务合同','硕士','通信工程','西安电子科技学校','2018-01-01','在职','00000016',5.25,NULL,NULL,'2018-01-01','2023-04-13',NULL,0), 	 ('贾旭明2','男','1993-11-11','610122199001011834','已婚',1,'广东广州',4,'jiaxuming@qq.com','15644441234','广东省广州市天河区冼村路',5,6,4,'劳务合同','初中','通信工程','西北大学','2018-01-01','在职','00000017',5.25,NULL,NULL,'2018-01-01','2023-04-13',NULL,0), 	 ('王一亭','男','1991-02-01','610122199001011835','已婚',1,'广东',6,'zhangliming@qq.com','18979994478','广东珠海',12,6,4,'劳动合同','高中','考古','清华大学','2018-01-01','在职','00000018',7.0,NULL,NULL,'2018-01-01','2025-01-30',NULL,0), 	 ('薛磊2','男','1992-07-01','610122199001011836','已婚',1,'陕西西安',13,'xuelei@qq.com','15648887741','西安市雁塔区',13,5,5,'劳动合同','初中','无','华胥中学','2018-01-01','在职','00000019',1.0,NULL,NULL,'2018-01-01','2019-01-01',NULL,0), 	 ('张洁2','女','1990-10-09','610122199001011837','未婚',1,'海南',5,'zhangjie@qq.com','13695557742','海口市美兰区',13,7,5,'劳动合同','高中','无','海南侨中','2018-01-01','在职','00000020',1.0,NULL,NULL,'2018-01-01','2019-01-01',NULL,0), 	 ('江南一点雨3','男','1990-01-01','610122199001011838','已婚',1,'陕西',13,'laowang@qq.com','18565558897','深圳市南山区',4,1,1,'劳动合同','本科','信息管理与信息系统','深圳大学','2018-01-01','在职','00000021',1.0,NULL,NULL,'2018-01-01','2019-01-01',NULL,0), 	 ('陈静3','女','1989-02-01','610122199001011839','已婚',1,'海南',1,'chenjing@qq.com','18795556693','海南省海口市美兰区',7,3,2,'劳动合同','高中','市场营销','武汉大学','2015-06-09','在职','00000022',3.0,NULL,NULL,'2015-06-09','2018-06-08',NULL,0), 	 ('鹿存亮3','男','1990-01-03','610122199001011840','已婚',1,'陕西',3,'zhao@qq.com','15612347795','陕西省西安市莲湖区',13,3,5,'劳动合同','高中','电子工程','哈尔滨理工大学','2018-01-01','在职','00000024',3.5,NULL,NULL,'2018-01-01','2021-07-14',NULL,0), 	 ('姚森3','男','1991-02-05','610122199001011841','已婚',1,'河南',3,'yaosen@qq.com','14785559936','河南洛阳人民大道58号',13,6,5,'劳动合同','初中','室内装修设计','西北大学','2017-01-02','在职','00000025',7.0,NULL,NULL,'2017-01-02','2024-01-17',NULL,0), 	 ('云星3','女','1993-01-05','610122199001011842','已婚',1,'陕西西安',1,'yunxing@qq.com','15644442252','陕西西安新城区',13,7,5,'劳务合同','硕士','通信工程','西安电子科技学校','2018-01-01','在职','00000026',5.25,NULL,NULL,'2018-01-01','2023-04-13',NULL,0), 	 ('贾旭明3','男','1993-11-11','610122199001011843','已婚',1,'广东广州',4,'jiaxuming@qq.com','15644441234','广东省广州市天河区冼村路',5,6,4,'劳务合同','初中','通信工程','西北大学','2018-01-01','在职','00000027',5.25,NULL,NULL,'2018-01-01','2023-04-13',NULL,0), 	 ('张黎明3','男','1991-02-01','610122199001011844','已婚',1,'广东',6,'zhangliming@qq.com','18979994478','广东珠海',12,6,4,'劳动合同','高中','考古','清华大学','2018-01-01','在职','00000028',7.0,NULL,NULL,'2018-01-01','2025-01-30',NULL,0), 	 ('薛磊3','男','1992-07-01','610122199001011845','已婚',1,'陕西西安',13,'xuelei@qq.com','15648887741','西安市雁塔区',13,5,5,'劳动合同','初中','无','华胥中学','2018-01-01','在职','00000029',6.0,NULL,NULL,'2018-01-01','2024-01-17',NULL,0), 	 ('江南一点雨4','男','1990-01-01','610122199001011846','已婚',1,'陕西',13,'laowang@qq.com','18565558897','深圳市南山区',4,1,1,'劳动合同','本科','信息管理与信息系统','深圳大学','2018-01-01','在职','00000031',1.0,NULL,NULL,'2018-01-01','2019-01-01',NULL,0), 	 ('陈静4','女','1989-02-01','610122199001011847','已婚',1,'海南',1,'chenjing@qq.com','18795556693','海南省海口市美兰区',7,3,2,'劳动合同','高中','市场营销','武汉大学','2015-06-09','在职','00000032',3.0,NULL,NULL,'2015-06-09','2018-06-08',NULL,0), 	 ('赵琳浩4','男','1993-03-04','610122199001011848','未婚',1,'陕西',3,'zhao@qq.com','15698887795','陕西省西安市莲湖区',12,3,4,'劳动合同','博士','电子工程','哈尔滨理工大学','2018-01-01','在职','00000033',3.5,NULL,NULL,'2018-01-01','2021-07-14',NULL,0), 	 ('鹿存亮4','男','1990-01-03','610122199001011849','已婚',1,'陕西',3,'zhao@qq.com','15612347795','陕西省西安市莲湖区',13,3,5,'劳动合同','高中','电子工程','哈尔滨理工大学','2018-01-01','在职','00000034',3.5,NULL,NULL,'2018-01-01','2021-07-14',NULL,0), 	 ('姚森4','男','1991-02-05','610122199001011850','已婚',1,'河南',3,'yaosen@qq.com','14785559936','河南洛阳人民大道58号',13,6,5,'劳动合同','初中','室内装修设计','西北大学','2017-01-02','在职','00000035',7.0,NULL,NULL,'2017-01-02','2024-01-17',NULL,0), 	 ('云星4','女','1993-01-05','610122199001011851','已婚',1,'陕西西安',1,'yunxing@qq.com','15644442252','陕西西安新城区',13,7,5,'劳务合同','硕士','通信工程','西安电子科技学校','2018-01-01','在职','00000036',5.25,NULL,NULL,'2018-01-01','2023-04-13',NULL,0), 	 ('贾旭明4','男','1993-11-11','610122199001011852','已婚',1,'广东广州',4,'jiaxuming@qq.com','15644441234','广东省广州市天河区冼村路',5,6,4,'劳务合同','初中','通信工程','西北大学','2018-01-01','在职','00000037',5.25,NULL,NULL,'2018-01-01','2023-04-13',NULL,0), 	 ('谢工','女','1970-01-01','610122199001011853','离异',1,'江苏',1,'584991843@qq.com','18558887788','北京',12,3,1,'劳动合同','本科','计算机软件','南华大学','2018-01-01','在职','00000038',5.0,NULL,NULL,'2018-01-01','2023-01-01',NULL,0), 	 ('林昭亮','男','1990-01-01','610122199001011854','已婚',1,'广东',13,'584991843@qq.com','16767776654','广东深圳',12,6,4,'劳动合同','大专','计算机软件','广东职业技术学院','2018-01-01','在职','00000039',5.0,NULL,NULL,'2018-01-01','2023-01-01',NULL,0), 	 ('11','男','2018-01-01','610122199001011855','已婚',1,'1',1,'584991843@qq.com','111','1',11,1,1,'劳动合同','本科','1','1','2018-01-01','在职','00000040',4.0,NULL,NULL,'2018-01-01','2022-01-26',NULL,0), 	 ('1','男','2018-01-01','610122199001011856','已婚',1,'1',1,'584991843@qq.com','1','1',11,1,1,'劳动合同','大专','1','1','2018-01-31','在职','00000041',1.0,NULL,NULL,'2018-01-31','2019-01-31',NULL,0), 	 ('1','男','2018-01-01','610122199001011857','已婚',1,'1',1,'584991843@qq.com','1','1',5,1,1,'劳动合同','大专','1','1','2018-01-31','在职','00000042',1.0,NULL,NULL,'2018-01-31','2019-01-31',NULL,0), 	 ('1','男','2018-01-01','610122199001011858','已婚',1,'1',1,'584991843@qq.com','1','1',6,1,1,'劳动合同','大专','1','1','2018-01-31','在职','00000043',0.0,NULL,NULL,'2018-01-31','2018-01-31',NULL,0), 	 ('1','男','2018-01-01','610122199001011859','已婚',1,'1',1,'584991843@qq.com','1','1',10,1,1,'劳动合同','大专','1','1','2018-01-01','在职','00000044',0.0,NULL,NULL,'2018-01-01','2018-01-31',NULL,0), 	 ('1','男','2018-01-01','610122199001011860','已婚',1,'1',1,'584991843@qq.com','1','1',5,1,1,'劳动合同','大专','1','1','2018-01-01','在职','00000045',0.0,NULL,NULL,'2018-01-01','2018-01-31',NULL,0), 	 ('林伯渠','男','2018-01-01','610122199001011861','未婚',1,'1',1,'584991843@qq.com','1','1',4,1,1,'劳动合同','大专','1','1','2018-01-31','在职','00000046',0.0,NULL,NULL,'2018-01-31','2018-01-31',NULL,0), 	 ('1','男','2018-01-01','610122199001011862','已婚',1,'1',1,'584991843@qq.com','1','1',4,1,1,'劳动合同','大专','1','1','2018-01-31','在职','00000047',0.0,NULL,NULL,'2018-01-31','2018-01-31',NULL,0), 	 ('javaboy','男','1989-12-31','610122199001011863','已婚',1,'陕西',13,'laowang@qq.com','18565558897','深圳市南山区',3,1,1,'劳务合同','本科','信息管理与信息系统','深圳大学','2017-12-31','在职','00000057',2.0,'2018-03-31',NULL,'2017-12-31','2019-12-31',NULL,0), 	 ('javaboy','男','1989-12-31','610122199001011864','已婚',1,'陕西',13,'laowang@qq.com','18565558897','深圳市南山区',14,1,1,'劳务合同','本科','信息管理与信息系统','深圳大学','2019-11-05','在职','00000058',2.0,'2018-03-31',NULL,'2017-12-31','2019-12-31',NULL,0), 	 ('javaboy','男','1989-12-31','610122199001011865','已婚',1,'',13,'laowang@qq.com','18565558897','深圳市南山区',14,1,1,'劳务合同','本科','信息管理与信息系统','深圳大学','2019-11-05','在职','00000059',2.0,'2018-03-31',NULL,'2017-12-31','2019-12-31',NULL,0), 	 ('javaboy','男','1989-12-31','610122199001011866','已婚',1,'陕西',13,'laowan@123.com','18565558897','深圳市南山区',3,1,1,'劳务合同','本科','信息管理与信息系统','深圳大学','2017-12-31','在职','00000060',2.0,'2018-03-31',NULL,'2017-12-31','2019-12-31',NULL,0), 	 ('javaboy','男','1989-12-31','610122199001011867','已婚',1,'陕西',13,'laowan@123.com','18565558897','深圳市南山区',3,1,1,'劳务合同','本科','信息管理与信息系统','深圳大学','2017-12-31','在职','00000060',2.0,'2018-03-31',NULL,'2017-12-31','2019-12-31',NULL,0), 	 ('javaboy','男','1989-12-31','610122199001011868','已婚',1,'陕西',13,'laowang@qq.com','18565558897','深圳市南山区',12,1,1,'劳务合同','本科','信息管理与信息系统','深圳大学','2017-12-31','在职','00000061',2.0,'2018-03-31',NULL,'2017-12-31','2019-12-31',NULL,0), 	 ('javaboy','男','1989-12-31','610122199001011869','已婚',1,'陕西',13,'laowang@qq.com','18565558897','深圳市南山区',12,1,1,'劳务合同','本科','信息管理与信息系统','深圳大学','2017-12-31','在职','00000062',6.17,'2018-03-31',NULL,'2017-12-31','2024-02-29',NULL,0), 	 ('javaboy666','男','2019-11-10','610122199001011870','已婚',1,'广东',13,'123@qq.com','12345678901','广东深圳',5,1,1,'劳动合同','本科','信管','深圳大学','2019-11-10','在职','00000063',3.25,'2020-02-10',NULL,'2019-11-10','2023-02-22',NULL,0), 	 ('javaboy666','男','2019-11-10','610122199001011871','已婚',1,'广东',13,'123@qq.com','12345678901','广东深圳',5,1,1,'劳动合同','本科','信管','深圳大学','2019-11-10','在职','00000063',3.25,'2020-02-10',NULL,'2019-11-10','2023-02-22',NULL,0), 	 ('javaboy','男','2017-11-01','610122199001011872','已婚',1,'广东',13,'584991843@qq.com','18564447789','广东深圳',8,1,1,'劳动合同','本科','信息管理与信息系统','深圳大学','2019-11-24','在职','00000064',3.0,'2020-01-10',NULL,'2019-11-24','2022-11-27',NULL,0), 	 ('javaboy','男','2019-11-24','610122199001011873','已婚',1,'广东',13,'584991843@qq.com','18566667777','广东深圳',11,1,1,'劳动合同','本科','计算机科学','深圳大学','2019-11-24','在职','00000065',3.0,'2020-02-23',NULL,'2019-11-24','2022-11-27',NULL,0);

/*Table structure for table `employeeec` */

DROP TABLE IF EXISTS `employeeec`;

CREATE TABLE `employeeec` (
  `id` int(11) NOT NULL AUTO_INCREMENT,
  `eid` int(11) DEFAULT NULL COMMENT '员工编号',
  `ecDate` date DEFAULT NULL COMMENT '奖罚日期',
  `ecReason` varchar(255) DEFAULT NULL COMMENT '奖罚原因',
  `ecPoint` int(11) DEFAULT NULL COMMENT '奖罚分',
  `ecType` int(11) DEFAULT NULL COMMENT '奖罚类别，0：奖，1：罚',
  `remark` varchar(255) DEFAULT NULL COMMENT '备注',
  PRIMARY KEY (`id`),
  KEY `pid` (`eid`)
) ENGINE=InnoDB DEFAULT CHARSET=utf8;

/*Data for the table `employeeec` */

/*Table structure for table `employeeremove` */

DROP TABLE IF EXISTS `employeeremove`;

CREATE TABLE `employeeremove` (
  `id` int(11) NOT NULL AUTO_INCREMENT,
  `eid` int(11) DEFAULT NULL,
  `afterDepId` int(11) DEFAULT NULL COMMENT '调动后部门',
  `afterJobId` int(11) DEFAULT NULL COMMENT '调动后职位',
  `removeDate` date DEFAULT NULL COMMENT '调动日期',
  `reason` varchar(255) DEFAULT NULL COMMENT '调动原因',
  `remark` varchar(255) DEFAULT NULL,
  PRIMARY KEY (`id`),
  KEY `pid` (`eid`)
) ENGINE=InnoDB DEFAULT CHARSET=utf8;

/*Data for the table `employeeremove` */

/*Table structure for table `employeetrain` */

DROP TABLE IF EXISTS `employeetrain`;

CREATE TABLE `employeetrain` (
  `id` int(11) NOT NULL AUTO_INCREMENT,
  `eid` int(11) DEFAULT NULL COMMENT '员工编号',
  `trainDate` date DEFAULT NULL COMMENT '培训日期',
  `trainContent` varchar(255) DEFAULT NULL COMMENT '培训内容',
  `remark` varchar(255) DEFAULT NULL COMMENT '备注',
  PRIMARY KEY (`id`),
  KEY `pid` (`eid`)
) ENGINE=InnoDB DEFAULT CHARSET=utf8;

/*Data for the table `employeetrain` */

/*Table structure for table `empsalary` */

DROP TABLE IF EXISTS `empsalary`;

CREATE TABLE `empsalary` (
  `id` int(11) NOT NULL AUTO_INCREMENT,
  `eid` int(11) DEFAULT NULL,
  `sid` int(11) DEFAULT NULL,
  PRIMARY KEY (`id`),
  UNIQUE KEY `eid` (`eid`),
  KEY `empsalary_ibfk_2` (`sid`)
) ENGINE=InnoDB AUTO_INCREMENT=1 DEFAULT CHARSET=utf8;

/*Data for the table `empsalary` */

insert into `empsalary`(`eid`,`sid`) values (4,10),(5,9),(6,13),(7,13),(8,10),(9,10),(10,13),(11,9),(3,13),(2,9),(1,13),(33,10),(34,9),(44,10),(45,10),(43,10),(47,10),(52,13),(53,10),(54,10),(56,10),(21,9);

/*Table structure for table `hr` */

DROP TABLE IF EXISTS `hr`;

CREATE TABLE `hr` (
  `id` int(11) NOT NULL AUTO_INCREMENT COMMENT 'hrID',
  `name` varchar(32) DEFAULT NULL COMMENT '姓名',
  `phone` char(11) DEFAULT NULL COMMENT '手机号码',
  `telephone` varchar(16) DEFAULT NULL COMMENT '住宅电话',
  `address` varchar(64) DEFAULT NULL COMMENT '联系地址',
  `enabled` tinyint(1) DEFAULT '1',
  `username` varchar(255) DEFAULT NULL COMMENT '用户名',
  `password` varchar(255) DEFAULT NULL COMMENT '密码',
  `userface` varchar(255) DEFAULT NULL,
  `remark` varchar(255) DEFAULT NULL,
  `deleted` tinyint(1) DEFAULT '0' COMMENT '逻辑删除：0 未删除，1 已删除',
  PRIMARY KEY (`id`)
) ENGINE=InnoDB AUTO_INCREMENT=1 DEFAULT CHARSET=utf8;

/*Data for the table `hr` */

insert into `hr`(`name`,`phone`,`telephone`,`address`,`enabled`,`username`,`password`,`userface`,`remark`) values ('系统管理员','18568887789','029-82881234','深圳南山',1,'admin','$2a$10$ySG2lkvjFHY5O0./CPIE1OI8VJsuKYEzOYzqIa7AJR6sEgSzUFOAm','https://img.ixintu.com/download/jpg/201912/55995854963e8ef0b8872e49d450f11e.jpg!ys',NULL),('路飞','18568123489','029-82123434','深圳福田',1,'Luffy','$2a$10$oE39aG10kB/rFu2vQeCJTu/V/v4n6DRR0f8WyXRiAYvBpmadoOBE.','https://ts1.cn.mm.bing.net/th/id/R-C.cc359ef62fd4b240fe9e97460ec8cc4b?rik=dy8TO2mn47IYbg&riu=http%3a%2f%2fpic.22520.cn%2fup%2f200315%2f1584277767783608.jpg&ehk=pMk6uBsnvVXoFYCm%2fqa035jsF88xHqfxLtOYg%2fa7hok%3d&risl=&pid=ImgRaw&r=0',NULL),('索隆','18568123666','029-82111555','广州番禺',1,'Zoro','$2a$10$oE39aG10kB/rFu2vQeCJTu/V/v4n6DRR0f8WyXRiAYvBpmadoOBE.','https://inews.gtimg.com/newsapp_bt/0/12900582803/1000',NULL),('山治','18568123377','029-82111333','广州天河',1,'Sanji','$2a$10$oE39aG10kB/rFu2vQeCJTu/V/v4n6DRR0f8WyXRiAYvBpmadoOBE.','https://imgsa.baidu.com/forum/pic/item/01d7af51f3deb48fc4b1d132fa1f3a292cf5782b.jpg',NULL),('甚平','18568128888','029-82111222','广州越秀',1,'Jinbe','$2a$10$oE39aG10kB/rFu2vQeCJTu/V/v4n6DRR0f8WyXRiAYvBpmadoOBE.','https://p1.ssl.qhmsg.com/dr/220__/t01f175ee5bb0f367c2.png',NULL),('娜美','18568128999','029-82111111','深圳龙华',1,'Nami','$2a$10$oE39aG10kB/rFu2vQeCJTu/V/v4n6DRR0f8WyXRiAYvBpmadoOBE.','https://img.wumaow.org/upload/tu/21851764.jpg',NULL);

/*Table structure for table `hr_role` */

DROP TABLE IF EXISTS `hr_role`;

CREATE TABLE `hr_role` (
  `id` int(11) NOT NULL AUTO_INCREMENT,
  `hrid` int(11) DEFAULT NULL,
  `rid` int(11) DEFAULT NULL,
  `enabled` tinyint(1) DEFAULT '1',
  PRIMARY KEY (`id`),
  KEY `rid` (`rid`),
  KEY `hr_role_ibfk_1` (`hrid`)
) ENGINE=InnoDB AUTO_INCREMENT=1 DEFAULT CHARSET=utf8;

/*Data for the table `hr_role` */

insert into `hr_role`(`hrid`,`rid`) values (1,6),(5,4),(5,3),(5,2),(4,3),(4,2),(4,4),(4,5),(3,3),(3,4),(2,1),(2,2),(2,3);

/*Table structure for table `joblevel` */

DROP TABLE IF EXISTS `joblevel`;

CREATE TABLE `joblevel` (
  `id` int(11) NOT NULL AUTO_INCREMENT,
  `name` varchar(32) DEFAULT NULL COMMENT '职称名称',
  `titleLevel` enum('正高级','高级','副高级','中级','初级','员级') DEFAULT NULL COMMENT '职称级别',
  `createDate` timestamp NULL DEFAULT CURRENT_TIMESTAMP COMMENT '创建时间',
  `enabled` tinyint(1) DEFAULT '1',
  `deleted` tinyint(1) DEFAULT '0' COMMENT '逻辑删除：0 未删除，1 已删除',
  PRIMARY KEY (`id`)
) ENGINE=InnoDB AUTO_INCREMENT=1 DEFAULT CHARSET=utf8 COMMENT='职称表';

/*Data for the table `joblevel` */

insert into `joblevel`(`name`,`titleLevel`,`createDate`,`enabled`,`deleted`) values ('教授','正高级','2018-01-11 00:00:00',1,0),('副教授','高级','2018-01-11 21:19:20',1,0),(12,'助教','员级','2018-01-11 21:35:39',1,0),('讲师','中级','2018-01-11 00:00:00',0,0),('初级工程师','初级','2018-01-14 00:00:00',1,0),('中级工程师','中级','2018-01-14 00:00:00',1,0),('高级工程师','副高级','2018-01-14 16:19:14',1,0),('专家','副高级','2018-01-14 16:19:24',1,0);

/*Table structure for table `menu` */

DROP TABLE IF EXISTS `menu`;

CREATE TABLE `menu` (
  `id` int(11) NOT NULL AUTO_INCREMENT,
  `url` varchar(64) DEFAULT NULL COMMENT 'url pattern(路径匹配规则)，比如用户发起/employee/basic/xxx的请求，将被后端拦截并匹配到/employee/basic/**规则，进而判断该用户是否具备相应角色来决定是否能访问相应接口',
  `path` varchar(64) DEFAULT NULL COMMENT '请求路径',
  `component` varchar(64) DEFAULT NULL COMMENT '组件名称',
  `name` varchar(64) DEFAULT NULL COMMENT '菜单项名称',
  `iconCls` varchar(64) DEFAULT NULL COMMENT '组件图标',
  `keepAlive` tinyint(1) DEFAULT NULL COMMENT '是否保活(标记): 离开该组件时，该组件是否保活，如果保活，则不销毁组件继续保存在内存中，切换回该组件时加载更快',
  `requireAuth` tinyint(1) DEFAULT NULL COMMENT '访问该页面是否需要先登录(标记): 比如登录组件不需要先登录，菜单项数据不由后端动态返回而是前端写死的时候要用到该字段，由后端动态返回的时候不需要该字段',
  `parentId` int(11) DEFAULT NULL COMMENT '父id，二级菜单的所属一级菜单在menu表的id',
  `enabled` tinyint(1) DEFAULT '1' COMMENT '菜单项是否启用',
  PRIMARY KEY (`id`),
  KEY `parentId` (`parentId`)
) ENGINE=InnoDB AUTO_INCREMENT=1 DEFAULT CHARSET=utf8 COMMENT='菜单项数据，用于前端向后端请求动态返回的菜单项数据';

/*Data for the table `menu` */

insert into `menu`(`url`,`path`,`component`,`name`,`iconCls`,`keepAlive`,`requireAuth`,`parentId`,`enabled`) values ('/',NULL,NULL,'所有',NULL,NULL,NULL,NULL,1),('/','/home','Home','员工资料','fa fa-user-circle-o',NULL,1,1,1),('/','/home','Home','人事管理','fa fa-address-card-o',NULL,1,1,1),('/','/home','Home','薪资管理','fa fa-money',NULL,1,1,1),('/','/home','Home','统计管理','fa fa-bar-chart',NULL,1,1,1),('/','/home','Home','系统管理','fa fa-windows',NULL,1,1,1),('/employee/basic/**','/emp/basic','EmpBasic','基本资料',NULL,NULL,1,2,1),('/employee/advanced/**','/emp/adv','EmpAdv','高级资料',NULL,NULL,1,2,0),('/personnel/emp/**','/per/emp','PerEmp','员工资料',NULL,NULL,1,3,1),('/personnel/ec/**','/per/ec','PerEc','员工奖惩',NULL,NULL,1,3,1),('/personnel/train/**','/per/train','PerTrain','员工培训',NULL,NULL,1,3,1),('/personnel/salary/**','/per/salary','PerSalary','员工调薪',NULL,NULL,1,3,1),('/personnel/remove/**','/per/mv','PerMv','员工调动',NULL,NULL,1,3,1),('/salary/sob/**','/sal/sob','SalSob','工资账套管理',NULL,NULL,1,4,1),('/salary/sobcfg/**','/sal/sobcfg','SalSobCfg','员工账套设置',NULL,NULL,1,4,1),('/salary/table/**','/sal/table','SalTable','工资表管理',NULL,NULL,1,4,1),('/salary/month/**','/sal/month','SalMonth','月末处理',NULL,NULL,1,4,1),('/salary/search/**','/sal/search','SalSearch','工资表查询',NULL,NULL,1,4,1),('/statistics/all/**','/sta/all','StaAll','综合信息统计',NULL,NULL,1,5,1),('/statistics/score/**','/sta/score','StaScore','员工积分统计',NULL,NULL,1,5,1),('/statistics/personnel/**','/sta/pers','StaPers','人事信息统计',NULL,NULL,1,5,1),('/statistics/recored/**','/sta/record','StaRecord','人事记录统计',NULL,NULL,1,5,1),('/system/basic/**','/sys/basic','SysBasic','基础信息设置',NULL,NULL,1,6,1),('/system/cfg/**','/sys/cfg','SysCfg','系统管理',NULL,NULL,1,6,1),('/system/log/**','/sys/log','SysLog','操作日志管理',NULL,NULL,1,6,1),('/system/hr/**','/sys/hr','SysHr','操作员管理',NULL,NULL,1,6,1),('/system/data/**','/sys/data','SysData','备份恢复数据库',NULL,NULL,1,6,1),('/system/init/**','/sys/init','SysInit','初始化数据库',NULL,NULL,1,6,1);

/*Table structure for table `menu_role` */

DROP TABLE IF EXISTS `menu_role`;

CREATE TABLE `menu_role` (
  `id` int(11) NOT NULL AUTO_INCREMENT,
  `mid` int(11) DEFAULT NULL,
  `rid` int(11) DEFAULT NULL,
  `enabled` tinyint(1) DEFAULT '1',
  PRIMARY KEY (`id`),
  KEY `mid` (`mid`),
  KEY `rid` (`rid`)
) ENGINE=InnoDB AUTO_INCREMENT=1 DEFAULT CHARSET=utf8;

/*Data for the table `menu_role` */

insert into `menu_role`(`mid`,`rid`,`enabled`) values (7,3,1),(7,6,1),(8,6,1),(9,6,1),(10,6,1),(11,6,1),(12,6,1),(13,6,1),(14,6,1),(15,6,1),(16,6,1),(17,6,1),(18,6,1),(19,6,1),(20,6,1),(21,6,1),(22,6,1),(23,6,1),(25,6,1),(26,6,1),(27,6,1),(28,6,1),(24,6,1),(7,4,1),(8,4,1),(11,4,1),(7,2,1),(8,2,1),(9,2,1),(10,2,1),(12,2,1),(13,2,1),(7,1,1),(8,1,1),(9,1,1),(10,1,1),(11,1,1),(12,1,1),(13,1,1),(14,1,1),(15,1,1),(16,1,1),(17,1,1),(18,1,1),(19,1,1),(20,1,1),(21,1,1),(22,1,1),(23,1,1),(24,1,1),(25,1,1),(26,1,1),(27,1,1),(28,1,1),(7,7,1),(8,7,1),(9,7,1);

/*Table structure for table `msgcontent` */

DROP TABLE IF EXISTS `msgcontent`;

CREATE TABLE `msgcontent` (
  `id` int(11) NOT NULL AUTO_INCREMENT,
  `title` varchar(64) DEFAULT NULL,
  `message` varchar(255) DEFAULT NULL,
  `createDate` timestamp NOT NULL DEFAULT CURRENT_TIMESTAMP,
  PRIMARY KEY (`id`)
) ENGINE=InnoDB AUTO_INCREMENT=1 DEFAULT CHARSET=utf8;

/*Data for the table `msgcontent` */

insert into `msgcontent`(`title`,`message`,`createDate`) values ('2222222222','11111111111111111','2018-02-02 20:46:19'),('22222222','3333333333333333333333','2018-02-02 21:45:57'),('通知标题1','通知内容1','2018-02-03 11:41:39'),('通知标题2','通知内容2','2018-02-03 11:52:37'),('通知标题3','通知内容3','2018-02-03 12:19:41');

/*Table structure for table `nation` */

DROP TABLE IF EXISTS `nation`;

CREATE TABLE `nation` (
  `id` int(11) NOT NULL AUTO_INCREMENT,
  `name` varchar(32) DEFAULT NULL,
  PRIMARY KEY (`id`)
) ENGINE=InnoDB AUTO_INCREMENT=1 DEFAULT CHARSET=utf8;

/*Data for the table `nation` */

insert into `nation`(`name`) values ('汉族'),('蒙古族'),('回族'),('藏族'),('维吾尔族'),('苗族'),('彝族'),('壮族'),('布依族'),('朝鲜族'),('满族'),('侗族'),('瑶族'),('白族'),('土家族'),('哈尼族'),('哈萨克族'),('傣族'),('黎族'),('傈僳族'),('佤族'),('畲族'),('高山族'),('拉祜族'),('水族'),('东乡族'),('纳西族'),('景颇族'),('柯尔克孜族'),('土族'),('达斡尔族'),('仫佬族'),('羌族'),('布朗族'),('撒拉族'),('毛难族'),('仡佬族'),('锡伯族'),('阿昌族'),('普米族'),('塔吉克族'),('怒族'),('乌孜别克族'),('俄罗斯族'),('鄂温克族'),('崩龙族'),('保安族'),('裕固族'),('京族'),('塔塔尔族'),('独龙族'),('鄂伦春族'),('赫哲族'),('门巴族'),('珞巴族'),('基诺族');

/*Table structure for table `oplog` */

DROP TABLE IF EXISTS `oplog`;

CREATE TABLE `oplog` (
  `id` int(11) NOT NULL AUTO_INCREMENT,
  `addDate` date DEFAULT NULL COMMENT '添加日期',
  `operate` varchar(255) DEFAULT NULL COMMENT '操作内容',
  `hrid` int(11) DEFAULT NULL COMMENT '操作员ID',
  PRIMARY KEY (`id`),
  KEY `hrid` (`hrid`)
) ENGINE=InnoDB DEFAULT CHARSET=utf8;

/*Data for the table `oplog` */

/*Table structure for table `politicsstatus` */

DROP TABLE IF EXISTS `politicsstatus`;

CREATE TABLE `politicsstatus` (
  `id` int(11) NOT NULL AUTO_INCREMENT,
  `name` varchar(32) DEFAULT NULL,
  PRIMARY KEY (`id`)
) ENGINE=InnoDB AUTO_INCREMENT=1 DEFAULT CHARSET=utf8;

/*Data for the table `politicsstatus` */

insert into `politicsstatus`(`name`) values ('中共党员'),('中共预备党员'),('共青团员'),('民革党员'),('民盟盟员'),('民建会员'),('民进会员'),('农工党党员'),('致公党党员'),('九三学社社员'),('台盟盟员'),('无党派民主人士'),('普通公民');

/*Table structure for table `position` */

DROP TABLE IF EXISTS `position`;

CREATE TABLE `position` (
  `id` int(11) NOT NULL AUTO_INCREMENT,
  `name` varchar(32) DEFAULT NULL COMMENT '职位名称',
  `createDate` timestamp NULL DEFAULT CURRENT_TIMESTAMP COMMENT '创建时间',
  `deleted` tinyint(1) DEFAULT '0' COMMENT '逻辑删除：0 未删除，1 已删除',
  PRIMARY KEY (`id`),
  UNIQUE KEY `name` (`name`)
) ENGINE=InnoDB AUTO_INCREMENT=1 DEFAULT CHARSET=utf8 COMMENT='职位表';

/*Data for the table `position` */

insert into `position`(`name`,`createDate`,`enabled`,`deleted`) values ('技术总监','2018-01-11 21:13:42',1,0),('运营总监','2018-01-11 21:13:48',1,0),('市场总监','2018-01-11 00:00:00',1,0),('研发工程师','2018-01-14 00:00:00',0,0),('运维工程师','2018-01-14 16:11:41',1,0),('Java研发经理','2019-10-01 00:00:00',1,0),('Java开发工程师','2023-01-06 17:28:00',1,0),('Web前端开发工程师','2023-01-06 17:31:02',1,0);

/*Table structure for table `role` */

DROP TABLE IF EXISTS `role`;

CREATE TABLE `role` (
  `id` int(11) NOT NULL AUTO_INCREMENT,
  `name` varchar(64) DEFAULT NULL,
  `nameZh` varchar(64) DEFAULT NULL COMMENT '角色名称',
  `deleted` tinyint(1) DEFAULT '0' COMMENT '逻辑删除：0 未删除，1 已删除',
  PRIMARY KEY (`id`)
) ENGINE=InnoDB AUTO_INCREMENT=1 DEFAULT CHARSET=utf8;

/*Data for the table `role` */

insert into `role`(`name`,`nameZh`) values ('ROLE_manager','部门经理'),('ROLE_personnel','人事专员'),('ROLE_recruiter','招聘主管'),('ROLE_train','培训主管'),('ROLE_performance','薪酬绩效主管'),('ROLE_admin','系统管理员'),('ROLE_test1','测试角色1'),('ROLE_test2','测试角色2'),('ROLE_test3','测试角色3'),('ROLE_test4','测试角色4');

/*Table structure for table `salary` */

DROP TABLE IF EXISTS `salary`;

CREATE TABLE `salary` (
  `id` int(11) NOT NULL AUTO_INCREMENT,
  `basicSalary` int(11) DEFAULT NULL COMMENT '基本工资',
  `bonus` int(11) DEFAULT NULL COMMENT '奖金',
  `lunchAllowance` int(11) DEFAULT NULL COMMENT '午餐补助',
  `transportationAllowance` int(11) DEFAULT NULL COMMENT '交通补助',
  `payableSalary` int(11) DEFAULT NULL COMMENT '应发工资',
  `pensionBase` int(11) DEFAULT NULL COMMENT '养老金基数',
  `pensionRatio` double DEFAULT NULL COMMENT '养老金比例',
  `enableDate` timestamp NULL DEFAULT NULL COMMENT '启用时间',
  `medicalBase` int(11) DEFAULT NULL COMMENT '医疗保险基数',
  `medicalRatio` double DEFAULT NULL COMMENT '医疗保险比例',
  `accumulationFundBase` int(11) DEFAULT NULL COMMENT '公积金基数',
  `accumulationFundRatio` double DEFAULT NULL COMMENT '公积金比例',
  `name` varchar(32) DEFAULT NULL,
  `deleted` tinyint(1) DEFAULT '0' COMMENT '逻辑删除：0 未删除，1 已删除',
  PRIMARY KEY (`id`)
) ENGINE=InnoDB AUTO_INCREMENT=1 DEFAULT CHARSET=utf8;

/*Data for the table `salary` */

insert into `salary`(`basicSalary`,`bonus`,`lunchAllowance`,`transportationAllowance`,`payableSalary`,`pensionBase`,`pensionRatio`,`enableDate`,`medicalBase`,`medicalRatio`,`accumulationFundBase`,`accumulationFundRatio`,`name`) values (9000,4000,800,500,NULL,2000,0.07,'2018-01-24 00:00:00',2000,0.07,2000,0.07,'市场部工资账套'),(2000,2000,400,1000,NULL,2000,0.07,'2018-01-01 00:00:00',2000,0.07,2000,0.07,'人事部工资账套'),(20000,3000,500,500,NULL,4000,0.07,'2018-01-25 00:00:00',4000,0.07,4000,0.07,'运维部工资账套');

/*Table structure for table `sysmsg` */

DROP TABLE IF EXISTS `sysmsg`;

CREATE TABLE `sysmsg` (
  `id` int(11) NOT NULL AUTO_INCREMENT,
  `mid` int(11) DEFAULT NULL COMMENT '消息id',
  `type` int(11) DEFAULT '0' COMMENT '0表示群发消息',
  `hrid` int(11) DEFAULT NULL COMMENT '这条消息是给谁的',
  `state` int(11) DEFAULT '0' COMMENT '0 未读 1 已读',
  PRIMARY KEY (`id`),
  KEY `hrid` (`hrid`),
  KEY `sysmsg_ibfk_1` (`mid`),
  CONSTRAINT `sysmsg_ibfk_1` FOREIGN KEY (`mid`) REFERENCES `msgcontent` (`id`)
) ENGINE=InnoDB AUTO_INCREMENT=1 DEFAULT CHARSET=utf8;

/*Data for the table `sysmsg` */

insert into `sysmsg`(`mid`,`type`,`hrid`,`state`) values (14,0,3,1),(14,0,5,1),(14,0,10,1),(14,0,11,0),(14,0,12,0),(15,0,3,1),(15,0,5,1),(15,0,10,1),(15,0,11,0),(15,0,12,0),(16,0,3,1),(16,0,5,1),(16,0,10,1),(16,0,11,0),(16,0,12,0),(17,0,3,1),(17,0,5,1),(17,0,10,1),(17,0,11,0),(17,0,12,0),(18,0,3,1),(18,0,5,0),(18,0,10,0),(18,0,11,0),(18,0,12,0);

/* Procedure structure for procedure `addDep` */

/*!50003 DROP PROCEDURE IF EXISTS  `addDep` */;

DELIMITER $$

/*!50003 CREATE DEFINER=`root`@`localhost` PROCEDURE `addDep`(in depName varchar(32),in parentId int,in enabled boolean,out result int,out result2 int)
begin
  declare did int;
  declare pDepPath varchar(64);
  insert into department set name=depName,parentId=parentId,enabled=enabled;
  select row_count() into result;
  select last_insert_id() into did;
  set result2=did;
  select depPath into pDepPath from department where id=parentId;
  update department set depPath=concat(pDepPath,'.',did) where id=did;
  update department set isParent=true where id=parentId;
end */$$
DELIMITER ;

/* Procedure structure for procedure `deleteDep` */

/*!50003 DROP PROCEDURE IF EXISTS  `deleteDep` */;

DELIMITER $$

/*!50003 CREATE DEFINER=`root`@`localhost` PROCEDURE `deleteDep`(in did int,out result int)
begin
  declare ecount int;
  declare pid int;
  declare pcount int;
  declare a int;
  select count(*) into a from department where id=did and isParent=false;
  if a=0 then set result=-2;
  else
  select count(*) into ecount from employee where departmentId=did;
  if ecount>0 then set result=-1;
  else
  select parentId into pid from department where id=did;
  delete from department where id=did and isParent=false;
  select row_count() into result;
  select count(*) into pcount from department where parentId=pid;
  if pcount=0 then update department set isParent=false where id=pid;
  end if;
  end if;
  end if;
end */$$
DELIMITER ;

/*!40101 SET SQL_MODE=@OLD_SQL_MODE */;
/*!40014 SET FOREIGN_KEY_CHECKS=@OLD_FOREIGN_KEY_CHECKS */;
/*!40014 SET UNIQUE_CHECKS=@OLD_UNIQUE_CHECKS */;
/*!40111 SET SQL_NOTES=@OLD_SQL_NOTES */;